customer_product_id,customer_id,product_id,start_date
CP0001,C1000,P06,2025-01-08
CP0002,C1000,P01,2025-05-13
CP0003,C1000,P04,2023-07-05
CP0004,C1001,P08,2024-09-14
CP0005,C1001,P03,2023-07-29
CP0006,C1001,P07,2024-05-27
CP0007,C1001,P05,2023-02-27
CP0008,C1002,P01,2024-09-13
CP0009,C1002,P05,2024-03-31
CP0010,C1002,P02,2023-03-29
CP0011,C1003,P07,2024-08-14
CP0012,C1003,P03,2024-08-05
CP0013,C1004,P02,2024-02-24
CP0014,C1004,P03,2023-01-07
CP0015,C1004,P05,2023-06-09
CP0016,C1004,P07,2023-08-28
CP0017,C1005,P01,2023-02-14
CP0018,C1005,P08,2025-04-08
CP0019,C1006,P08,2023-11-14
CP0020,C1006,P02,2023-10-01
CP0021,C1007,P03,2025-03-27
CP0022,C1007,P01,2023-06-18
CP0023,C1007,P02,2024-09-19
CP0024,C1007,P04,2024-10-14
CP0025,C1007,P06,2024-02-22
CP0026,C1008,P08,2024-11-12
CP0027,C1008,P03,2025-02-24
CP0028,C1008,P07,2023-09-11
CP0029,C1009,P04,2024-10-18
CP0030,C1009,P03,2023-09-22
CP0031,C1009,P06,2023-03-29
CP0032,C1010,P04,2024-08-28
CP0033,C1010,P01,2025-02-01
CP0034,C1010,P02,2025-01-31
CP0035,C1011,P07,2025-04-19
CP0036,C1011,P05,2023-01-03
CP0037,C1011,P01,2023-01-28
CP0038,C1011,P02,2024-01-16
CP0039,C1012,P06,2024-05-01
CP0040,C1012,P01,2025-04-22
CP0041,C1012,P08,2023-09-07
CP0042,C1013,P04,2023-12-28
CP0043,C1014,P08,2024-09-11
CP0044,C1014,P03,2023-08-05
CP0045,C1014,P05,2024-02-03
CP0046,C1014,P07,2023-09-17
CP0047,C1014,P02,2025-04-03
CP0048,C1015,P07,2025-05-22
CP0049,C1015,P05,2023-07-19
CP0050,C1016,P03,2025-02-01
CP0051,C1016,P06,2025-06-18
CP0052,C1016,P08,2024-08-18
CP0053,C1017,P07,2023-10-09
CP0054,C1017,P02,2024-07-15
CP0055,C1018,P03,2025-04-28
CP0056,C1018,P01,2024-12-29
CP0057,C1018,P05,2024-07-26
CP0058,C1018,P04,2024-04-24
CP0059,C1019,P02,2023-01-25
CP0060,C1019,P08,2023-09-29
CP0061,C1019,P06,2024-05-19
CP0062,C1020,P05,2024-05-05
CP0063,C1020,P04,2025-06-26
CP0064,C1021,P03,2024-09-07
CP0065,C1021,P04,2025-01-06
CP0066,C1021,P01,2024-06-29
CP0067,C1022,P05,2023-02-09
CP0068,C1022,P06,2023-06-22
CP0069,C1022,P07,2024-03-14
CP0070,C1022,P02,2023-06-28
CP0071,C1023,P03,2025-04-09
CP0072,C1023,P08,2025-05-10
CP0073,C1023,P01,2023-12-09
CP0074,C1023,P06,2023-10-07
CP0075,C1024,P01,2024-10-06
CP0076,C1024,P03,2024-03-23
CP0077,C1024,P08,2024-11-20
CP0078,C1024,P02,2025-05-04
CP0079,C1025,P04,2024-02-13
CP0080,C1025,P05,2024-08-23
CP0081,C1025,P02,2023-05-05
CP0082,C1025,P06,2023-04-23
CP0083,C1026,P04,2025-01-02
CP0084,C1026,P02,2025-02-21
CP0085,C1026,P01,2023-11-17
CP0086,C1027,P03,2024-10-08
CP0087,C1027,P08,2024-01-27
CP0088,C1028,P06,2023-01-12
CP0089,C1028,P05,2025-06-10
CP0090,C1029,P06,2024-11-21
CP0091,C1029,P07,2024-07-29
CP0092,C1029,P08,2024-05-23
CP0093,C1029,P01,2023-05-12
CP0094,C1030,P02,2023-06-17
CP0095,C1030,P03,2024-02-01
CP0096,C1030,P06,2023-06-29
CP0097,C1031,P07,2024-06-29
CP0098,C1031,P03,2024-08-04
CP0099,C1031,P06,2023-01-17
CP0100,C1031,P01,2024-05-10
CP0101,C1031,P08,2024-05-11
CP0102,C1032,P07,2024-07-22
CP0103,C1032,P06,2024-08-17
CP0104,C1032,P04,2024-01-20
CP0105,C1033,P07,2024-02-11
CP0106,C1033,P05,2024-10-11
CP0107,C1034,P05,2023-02-26
CP0108,C1034,P01,2025-01-07
CP0109,C1035,P01,2025-01-27
CP0110,C1035,P03,2024-06-14
CP0111,C1035,P07,2025-02-15
CP0112,C1036,P03,2024-06-05
CP0113,C1037,P04,2025-04-01
CP0114,C1037,P03,2023-01-26
CP0115,C1037,P01,2024-04-13
CP0116,C1037,P07,2025-05-11
CP0117,C1037,P02,2024-04-20
CP0118,C1038,P01,2024-09-22
CP0119,C1038,P06,2024-10-16
CP0120,C1038,P04,2023-03-22
CP0121,C1038,P05,2025-01-26
CP0122,C1038,P07,2025-05-13
CP0123,C1039,P01,2024-08-14
CP0124,C1039,P02,2023-01-16
CP0125,C1040,P07,2025-02-15
CP0126,C1040,P01,2024-03-22
CP0127,C1041,P01,2024-10-25
CP0128,C1041,P04,2023-10-17
CP0129,C1041,P06,2024-03-07
CP0130,C1041,P02,2023-09-25
CP0131,C1042,P06,2024-01-05
CP0132,C1042,P04,2023-08-15
CP0133,C1042,P02,2024-12-05
CP0134,C1042,P03,2023-10-30
CP0135,C1043,P02,2024-10-25
CP0136,C1043,P07,2024-10-01
CP0137,C1044,P07,2025-06-14
CP0138,C1045,P07,2025-03-20
CP0139,C1045,P01,2024-10-24
CP0140,C1045,P05,2025-04-17
CP0141,C1045,P03,2024-05-28
CP0142,C1045,P08,2024-10-25
CP0143,C1046,P04,2023-04-03
CP0144,C1047,P06,2024-02-07
CP0145,C1047,P05,2024-10-09
CP0146,C1047,P02,2024-07-20
CP0147,C1047,P04,2024-09-11
CP0148,C1048,P04,2023-06-15
CP0149,C1048,P02,2023-07-24
CP0150,C1049,P07,2023-05-13
CP0151,C1049,P06,2024-11-30
CP0152,C1049,P05,2024-03-05
CP0153,C1049,P01,2023-11-04
CP0154,C1050,P07,2023-10-12
CP0155,C1050,P08,2023-01-27
CP0156,C1051,P08,2024-06-16
CP0157,C1051,P03,2023-06-01
CP0158,C1051,P05,2023-04-12
CP0159,C1052,P04,2025-05-30
CP0160,C1052,P03,2023-08-24
CP0161,C1052,P02,2023-06-11
CP0162,C1053,P06,2024-07-12
CP0163,C1054,P07,2024-04-06
CP0164,C1054,P03,2023-10-02
CP0165,C1054,P06,2023-07-25
CP0166,C1055,P06,2023-11-24
CP0167,C1055,P08,2023-03-06
CP0168,C1056,P03,2023-09-30
CP0169,C1057,P07,2024-05-29
CP0170,C1057,P06,2023-07-12
CP0171,C1058,P03,2023-11-14
CP0172,C1058,P05,2023-04-30
CP0173,C1059,P04,2025-01-09
CP0174,C1059,P02,2024-11-22
CP0175,C1059,P03,2024-06-05
CP0176,C1059,P06,2023-10-11
