transaction_id,account_id,transaction_date,transaction_type,direction,amount_eur
T100000,A5085,2025-12-24,Fee,Debit,100.46
T100001,A5090,2025-06-05,Incoming,Debit,48.2
T100002,A5085,2025-01-08,Payment,Debit,68.01
T100003,A5053,2025-05-02,Incoming,Credit,308.72
T100004,A5082,2025-12-14,Payment,Debit,139.69
T100005,A5101,2025-06-13,Payment,Credit,54.85
T100006,A5045,2025-03-31,Transfer,Credit,300.73
T100007,A5032,2025-05-16,Payment,Debit,330.38
T100008,A5036,2025-07-05,Payment,Debit,99.04
T100009,A5081,2025-11-12,Incoming,Credit,175.12
T100010,A5099,2025-06-27,Payment,Credit,277.16
T100011,A5060,2025-01-28,Loan Repayment,Debit,247.48
T100012,A5011,2025-08-08,Payment,Credit,155.83
T100013,A5063,2025-12-23,Payment,Debit,828.07
T100014,A5021,2025-02-10,Payment,Debit,298.63
T100015,A5052,2025-08-16,Payment,Credit,86.42
T100016,A5055,2025-07-11,Payment,Credit,87.04
T100017,A5026,2025-05-25,Transfer,Credit,75.97
T100018,A5068,2025-07-20,Loan Repayment,Debit,316.89
T100019,A5034,2025-07-31,Payment,Debit,70.3
T100020,A5052,2025-08-08,Incoming,Credit,89.13
T100021,A5082,2025-08-28,Transfer,Debit,528.28
T100022,A5099,2025-02-15,Transfer,Debit,186.79
T100023,A5093,2025-02-04,Incoming,Credit,625.3
T100024,A5052,2025-09-10,Payment,Debit,386.71
T100025,A5029,2025-03-23,Payment,Credit,36.16
T100026,A5038,2025-09-13,Transfer,Credit,131.29
T100027,A5042,2025-07-16,Transfer,Credit,486.84
T100028,A5021,2025-10-30,Payment,Credit,34.24
T100029,A5042,2025-01-10,Payment,Credit,245.59
T100030,A5013,2025-11-08,Fee,Credit,141.59
T100031,A5064,2025-10-13,Transfer,Debit,18.07
T100032,A5017,2025-08-30,Loan Repayment,Debit,171.33
T100033,A5009,2025-09-08,Transfer,Debit,54.33
T100034,A5041,2025-12-31,Payment,Credit,36.55
T100035,A5001,2025-01-05,Incoming,Credit,150.05
T100036,A5002,2025-04-29,Incoming,Credit,14.63
T100037,A5060,2025-10-16,Payment,Debit,66.08
T100038,A5048,2025-03-06,Incoming,Debit,3169.75
T100039,A5029,2025-05-26,Transfer,Credit,323.85
T100040,A5097,2025-08-12,Payment,Credit,51.54
T100041,A5010,2025-08-27,Transfer,Debit,800.31
T100042,A5058,2025-06-26,Incoming,Credit,45.13
T100043,A5060,2025-09-24,Loan Repayment,Credit,76.37
T100044,A5021,2025-12-07,Payment,Debit,37.39
T100045,A5028,2025-10-09,Payment,Debit,201.8
T100046,A5075,2025-03-04,Incoming,Credit,766.9
T100047,A5034,2025-08-05,Payment,Credit,44.75
T100048,A5008,2025-12-08,Transfer,Debit,12.52
T100049,A5059,2025-11-11,Transfer,Credit,549.58
T100050,A5086,2025-10-10,Payment,Credit,957.72
T100051,A5072,2025-06-26,Incoming,Credit,13.54
T100052,A5049,2025-04-08,Incoming,Credit,257.77
T100053,A5079,2025-04-15,Payment,Credit,194.77
T100054,A5017,2025-04-09,Loan Repayment,Debit,57.69
T100055,A5060,2025-11-07,Transfer,Credit,27.85
T100056,A5087,2025-01-06,Incoming,Credit,487.9
T100057,A5088,2025-07-16,Transfer,Debit,183.99
T100058,A5045,2025-12-17,Incoming,Debit,201.4
T100059,A5083,2025-05-13,Fee,Debit,70.38
T100060,A5069,2025-12-24,Incoming,Debit,56.7
T100061,A5032,2025-09-16,Transfer,Credit,7.8
T100062,A5044,2025-01-23,Fee,Debit,112.88
T100063,A5065,2025-02-22,Payment,Credit,834.3
T100064,A5087,2025-06-14,Transfer,Debit,50.99
T100065,A5101,2025-07-21,Payment,Debit,23.88
T100066,A5008,2025-03-24,Payment,Debit,250.33
T100067,A5077,2025-05-25,Payment,Debit,312.34
T100068,A5072,2025-03-26,Loan Repayment,Credit,73.47
T100069,A5087,2025-03-19,Fee,Debit,97.66
T100070,A5043,2025-01-01,Transfer,Debit,203.71
T100071,A5001,2025-02-20,Transfer,Debit,123.14
T100072,A5051,2025-06-22,Incoming,Credit,492.83
T100073,A5024,2025-07-24,Loan Repayment,Debit,2764.71
T100074,A5099,2025-09-17,Incoming,Credit,19.09
T100075,A5024,2025-10-15,Payment,Credit,649.18
T100076,A5017,2025-02-03,Payment,Credit,168.39
T100077,A5005,2025-12-14,Transfer,Credit,785.12
T100078,A5020,2025-04-05,Transfer,Debit,353.97
T100079,A5021,2025-03-13,Payment,Credit,159.71
T100080,A5058,2025-02-08,Payment,Debit,369.45
T100081,A5031,2025-06-03,Transfer,Credit,92.48
T100082,A5100,2025-09-07,Payment,Credit,58.61
T100083,A5011,2025-06-11,Transfer,Credit,392.7
T100084,A5052,2025-04-28,Loan Repayment,Credit,53.88
T100085,A5015,2025-09-16,Incoming,Credit,320.81
T100086,A5083,2025-11-02,Payment,Credit,153.99
T100087,A5007,2025-09-25,Transfer,Debit,9.07
T100088,A5028,2025-02-23,Transfer,Credit,74.5
T100089,A5051,2025-08-24,Incoming,Credit,221.81
T100090,A5058,2025-08-10,Loan Repayment,Credit,91.18
T100091,A5005,2025-09-08,Payment,Debit,6.99
T100092,A5005,2025-11-09,Incoming,Debit,724.08
T100093,A5094,2025-04-22,Transfer,Debit,181.86
T100094,A5096,2025-09-12,Fee,Credit,252.77
T100095,A5008,2025-10-30,Payment,Credit,84.11
T100096,A5064,2025-07-26,Transfer,Debit,280.84
T100097,A5010,2025-08-17,Incoming,Credit,1341.82
T100098,A5038,2025-12-07,Payment,Credit,61.43
T100099,A5096,2025-03-07,Payment,Credit,1097.09
T100100,A5092,2025-03-16,Fee,Credit,239.43
T100101,A5081,2025-04-13,Payment,Credit,52.28
T100102,A5095,2025-07-11,Payment,Debit,2110.9
T100103,A5008,2025-09-09,Payment,Credit,237.45
T100104,A5025,2025-08-14,Fee,Debit,334.21
T100105,A5073,2025-10-21,Incoming,Credit,107.42
T100106,A5066,2025-11-02,Transfer,Credit,57.08
T100107,A5079,2025-04-08,Payment,Debit,181.52
T100108,A5050,2025-12-04,Incoming,Credit,990.05
T100109,A5067,2025-10-13,Incoming,Debit,102.35
T100110,A5049,2025-12-01,Transfer,Debit,143.72
T100111,A5036,2025-12-13,Fee,Credit,852.01
T100112,A5068,2025-11-04,Payment,Debit,103.5
T100113,A5078,2025-09-06,Incoming,Credit,273.78
T100114,A5041,2025-06-15,Payment,Debit,425.31
T100115,A5089,2025-12-01,Incoming,Credit,117.2
T100116,A5062,2025-01-30,Payment,Debit,215.25
T100117,A5010,2025-09-04,Payment,Credit,328.1
T100118,A5021,2025-04-16,Payment,Debit,91.73
T100119,A5036,2025-02-20,Incoming,Debit,395.01
T100120,A5012,2025-03-22,Payment,Debit,76.99
T100121,A5091,2025-05-13,Transfer,Debit,66.02
T100122,A5002,2025-10-12,Payment,Debit,23.75
T100123,A5013,2025-05-18,Payment,Debit,81.11
T100124,A5053,2025-07-03,Transfer,Credit,55.78
T100125,A5032,2025-11-26,Payment,Credit,91.74
T100126,A5095,2025-09-30,Incoming,Credit,309.32
T100127,A5016,2025-12-06,Incoming,Credit,18.71
T100128,A5032,2025-03-10,Payment,Credit,13.88
T100129,A5032,2025-02-03,Payment,Debit,60.41
T100130,A5098,2025-09-19,Payment,Credit,258.13
T100131,A5011,2025-02-22,Loan Repayment,Debit,209.9
T100132,A5010,2025-07-24,Incoming,Credit,59.26
T100133,A5015,2025-05-06,Incoming,Credit,603.83
T100134,A5017,2025-08-23,Incoming,Debit,67.35
T100135,A5040,2025-02-12,Payment,Debit,258.51
T100136,A5018,2025-08-28,Payment,Debit,96.03
T100137,A5055,2025-04-21,Transfer,Debit,52.32
T100138,A5073,2025-09-06,Payment,Credit,71.8
T100139,A5025,2025-05-31,Payment,Debit,358.1
T100140,A5059,2025-07-02,Payment,Credit,228.89
T100141,A5078,2025-12-02,Incoming,Credit,474.24
T100142,A5089,2025-04-05,Loan Repayment,Credit,228.88
T100143,A5022,2025-01-08,Payment,Credit,21.47
T100144,A5030,2025-12-26,Incoming,Credit,1876.75
T100145,A5084,2025-07-03,Payment,Debit,232.81
T100146,A5085,2025-10-08,Loan Repayment,Debit,275.23
T100147,A5044,2025-07-14,Payment,Credit,94.42
T100148,A5032,2025-12-18,Payment,Credit,564.43
T100149,A5051,2025-07-14,Transfer,Credit,39.98
T100150,A5046,2025-06-04,Transfer,Credit,308.52
T100151,A5021,2025-04-03,Incoming,Debit,12.24
T100152,A5099,2025-06-09,Payment,Credit,334.5
T100153,A5032,2025-03-02,Payment,Debit,40.63
T100154,A5094,2025-05-02,Payment,Credit,206.93
T100155,A5039,2025-02-20,Payment,Debit,756.58
T100156,A5012,2025-10-04,Incoming,Credit,398.32
T100157,A5047,2025-01-05,Payment,Debit,645.0
T100158,A5018,2025-04-02,Payment,Credit,569.65
T100159,A5021,2025-06-19,Incoming,Debit,79.11
T100160,A5013,2025-11-13,Loan Repayment,Credit,304.29
T100161,A5021,2025-01-22,Incoming,Credit,18.73
T100162,A5008,2025-11-22,Payment,Debit,65.08
T100163,A5046,2025-01-01,Payment,Debit,789.33
T100164,A5007,2025-05-13,Loan Repayment,Debit,93.5
T100165,A5023,2025-08-21,Payment,Debit,15.77
T100166,A5096,2025-01-12,Payment,Debit,1663.1
T100167,A5075,2025-12-12,Incoming,Credit,291.4
T100168,A5086,2025-02-15,Incoming,Credit,371.43
T100169,A5022,2025-02-03,Incoming,Credit,45.76
T100170,A5089,2025-03-19,Payment,Debit,208.69
T100171,A5022,2025-08-06,Payment,Credit,202.17
T100172,A5092,2025-10-28,Loan Repayment,Credit,55.38
T100173,A5029,2025-03-14,Payment,Debit,121.05
T100174,A5013,2025-10-09,Incoming,Debit,24.52
T100175,A5082,2025-09-06,Transfer,Credit,97.9
T100176,A5002,2025-02-16,Incoming,Credit,477.52
T100177,A5029,2025-05-01,Payment,Credit,60.57
T100178,A5085,2025-08-02,Payment,Credit,1463.75
T100179,A5079,2025-08-27,Incoming,Credit,26.49
T100180,A5052,2025-02-25,Fee,Debit,108.61
T100181,A5027,2025-12-16,Loan Repayment,Debit,67.51
T100182,A5050,2025-04-17,Payment,Debit,119.56
T100183,A5095,2025-11-15,Payment,Credit,769.52
T100184,A5079,2025-02-17,Loan Repayment,Debit,45.54
T100185,A5023,2025-03-02,Transfer,Credit,86.36
T100186,A5088,2025-12-03,Fee,Credit,325.51
T100187,A5044,2025-01-26,Payment,Debit,165.97
T100188,A5077,2025-10-19,Incoming,Credit,183.13
T100189,A5022,2025-09-14,Transfer,Credit,46.6
T100190,A5043,2025-01-08,Incoming,Debit,136.2
T100191,A5037,2025-04-23,Payment,Credit,577.03
T100192,A5061,2025-12-21,Payment,Debit,21.51
T100193,A5097,2025-09-10,Incoming,Credit,64.28
T100194,A5056,2025-06-29,Payment,Debit,16.8
T100195,A5003,2025-07-26,Incoming,Credit,282.7
T100196,A5063,2025-10-30,Loan Repayment,Credit,645.85
T100197,A5019,2025-05-07,Payment,Debit,119.09
T100198,A5023,2025-02-25,Transfer,Credit,44.41
T100199,A5029,2025-08-02,Payment,Credit,45.99
T100200,A5030,2025-01-14,Incoming,Credit,103.91
T100201,A5039,2025-01-28,Loan Repayment,Credit,103.44
T100202,A5025,2025-03-19,Payment,Credit,443.28
T100203,A5101,2025-08-04,Payment,Credit,66.51
T100204,A5008,2025-12-31,Incoming,Debit,250.16
T100205,A5058,2025-06-03,Payment,Credit,102.87
T100206,A5016,2025-01-14,Transfer,Debit,60.72
T100207,A5072,2025-07-06,Fee,Credit,99.84
T100208,A5001,2025-11-08,Incoming,Credit,222.26
T100209,A5005,2025-01-07,Payment,Debit,444.93
T100210,A5003,2025-01-03,Incoming,Credit,109.69
T100211,A5065,2025-04-21,Transfer,Debit,35.0
T100212,A5004,2025-08-26,Payment,Credit,492.58
T100213,A5099,2025-12-29,Incoming,Debit,50.51
T100214,A5096,2025-08-27,Incoming,Debit,202.96
T100215,A5064,2025-10-01,Incoming,Debit,144.06
T100216,A5098,2025-10-21,Payment,Debit,122.7
T100217,A5089,2025-08-15,Transfer,Debit,82.73
T100218,A5010,2025-01-15,Payment,Credit,312.37
T100219,A5021,2025-07-11,Payment,Credit,2.02
T100220,A5046,2025-04-29,Fee,Debit,580.43
T100221,A5091,2025-01-28,Transfer,Credit,49.65
T100222,A5027,2025-07-21,Payment,Credit,242.15
T100223,A5066,2025-02-08,Payment,Debit,227.25
T100224,A5041,2025-09-30,Payment,Credit,685.38
T100225,A5013,2025-08-19,Payment,Debit,188.16
T100226,A5009,2025-03-27,Payment,Debit,54.88
T100227,A5036,2025-05-06,Payment,Debit,21.63
T100228,A5086,2025-10-27,Incoming,Debit,97.65
T100229,A5090,2025-01-25,Transfer,Credit,14.16
T100230,A5058,2025-05-25,Incoming,Credit,69.81
T100231,A5054,2025-01-13,Incoming,Credit,104.46
T100232,A5012,2025-07-31,Payment,Credit,64.85
T100233,A5081,2025-01-25,Loan Repayment,Debit,156.04
T100234,A5078,2025-03-09,Transfer,Debit,111.8
T100235,A5014,2025-03-08,Transfer,Credit,100.16
T100236,A5034,2025-08-21,Transfer,Credit,8.09
T100237,A5053,2025-04-19,Loan Repayment,Debit,31.39
T100238,A5020,2025-05-26,Incoming,Credit,320.92
T100239,A5075,2025-04-21,Payment,Debit,389.59
T100240,A5016,2025-08-16,Incoming,Credit,16.34
T100241,A5095,2025-04-21,Transfer,Debit,55.83
T100242,A5070,2025-02-03,Transfer,Debit,537.19
T100243,A5056,2025-04-21,Incoming,Debit,62.7
T100244,A5083,2025-09-21,Payment,Debit,129.83
T100245,A5101,2025-08-24,Payment,Credit,837.29
T100246,A5058,2025-03-24,Fee,Credit,96.17
T100247,A5004,2025-02-11,Incoming,Debit,80.99
T100248,A5004,2025-04-11,Incoming,Credit,122.92
T100249,A5020,2025-01-06,Payment,Debit,1372.09
T100250,A5010,2025-06-29,Payment,Debit,253.52
T100251,A5024,2025-10-09,Fee,Debit,151.85
T100252,A5099,2025-11-16,Incoming,Debit,79.1
T100253,A5026,2025-08-14,Transfer,Debit,283.32
T100254,A5037,2025-11-11,Incoming,Debit,327.55
T100255,A5085,2025-12-31,Incoming,Credit,40.94
T100256,A5054,2025-08-17,Payment,Credit,338.31
T100257,A5021,2025-10-16,Transfer,Credit,123.79
T100258,A5074,2025-05-30,Incoming,Debit,152.9
T100259,A5038,2025-10-04,Incoming,Credit,51.36
T100260,A5046,2025-07-17,Incoming,Debit,91.84
T100261,A5004,2025-03-11,Loan Repayment,Credit,43.11
T100262,A5060,2025-04-22,Payment,Debit,40.7
T100263,A5057,2025-01-04,Transfer,Credit,233.34
T100264,A5045,2025-12-16,Payment,Debit,96.92
T100265,A5020,2025-11-27,Incoming,Debit,31.2
T100266,A5017,2025-11-14,Payment,Credit,2023.26
T100267,A5071,2025-12-16,Payment,Credit,38.49
T100268,A5004,2025-04-05,Incoming,Debit,550.33
T100269,A5093,2025-06-01,Payment,Debit,25.24
T100270,A5014,2025-11-07,Incoming,Credit,256.67
T100271,A5003,2025-05-17,Fee,Debit,109.87
T100272,A5088,2025-09-04,Payment,Debit,69.76
T100273,A5101,2025-08-31,Transfer,Debit,187.93
T100274,A5080,2025-01-31,Payment,Credit,159.93
T100275,A5058,2025-02-09,Incoming,Credit,55.98
T100276,A5055,2025-08-17,Payment,Debit,53.02
T100277,A5004,2025-02-05,Payment,Debit,22.45
T100278,A5024,2025-08-11,Payment,Debit,214.15
T100279,A5034,2025-01-06,Payment,Credit,32.96
T100280,A5030,2025-11-18,Payment,Credit,149.12
T100281,A5082,2025-08-08,Incoming,Credit,302.17
T100282,A5019,2025-03-16,Fee,Credit,190.5
T100283,A5031,2025-01-04,Transfer,Credit,62.32
T100284,A5060,2025-12-01,Incoming,Credit,441.68
T100285,A5060,2025-05-14,Payment,Debit,90.96
T100286,A5019,2025-04-28,Payment,Credit,29.93
T100287,A5049,2025-04-04,Payment,Debit,105.59
T100288,A5063,2025-03-03,Payment,Debit,300.11
T100289,A5083,2025-07-13,Incoming,Debit,66.07
T100290,A5022,2025-12-01,Incoming,Credit,425.74
T100291,A5024,2025-07-22,Payment,Debit,58.89
T100292,A5076,2025-01-26,Payment,Debit,69.33
T100293,A5030,2025-06-22,Transfer,Debit,42.3
T100294,A5058,2025-10-27,Transfer,Debit,337.12
T100295,A5031,2025-05-13,Payment,Debit,139.23
T100296,A5100,2025-11-22,Fee,Debit,45.8
T100297,A5064,2025-04-28,Loan Repayment,Credit,92.25
T100298,A5019,2025-11-20,Payment,Debit,3.72
T100299,A5048,2025-10-02,Payment,Credit,377.5
T100300,A5045,2025-07-31,Incoming,Debit,120.92
T100301,A5100,2025-08-13,Loan Repayment,Credit,8.27
T100302,A5094,2025-01-20,Fee,Credit,25.84
T100303,A5055,2025-04-23,Payment,Debit,89.49
T100304,A5055,2025-05-20,Payment,Debit,30.66
T100305,A5097,2025-02-16,Incoming,Credit,384.53
T100306,A5018,2025-01-01,Incoming,Credit,245.25
T100307,A5063,2025-03-31,Payment,Debit,228.48
T100308,A5092,2025-05-22,Fee,Credit,6.52
T100309,A5047,2025-11-16,Incoming,Debit,79.0
T100310,A5075,2025-02-07,Transfer,Credit,64.26
T100311,A5057,2025-10-20,Fee,Debit,47.23
T100312,A5045,2025-05-19,Transfer,Debit,90.18
T100313,A5033,2025-12-22,Incoming,Credit,38.42
T100314,A5017,2025-11-29,Incoming,Credit,192.15
T100315,A5070,2025-09-16,Payment,Credit,372.36
T100316,A5004,2025-06-10,Incoming,Debit,335.78
T100317,A5020,2025-06-27,Payment,Debit,125.78
T100318,A5047,2025-01-10,Incoming,Debit,1634.49
T100319,A5091,2025-09-18,Payment,Credit,582.87
T100320,A5015,2025-05-18,Payment,Credit,131.38
T100321,A5070,2025-06-21,Payment,Credit,83.2
T100322,A5047,2025-01-13,Payment,Credit,739.25
T100323,A5078,2025-06-17,Transfer,Debit,497.25
T100324,A5075,2025-05-10,Transfer,Debit,27.32
T100325,A5009,2025-03-25,Incoming,Debit,546.2
T100326,A5090,2025-11-17,Payment,Credit,123.32
T100327,A5016,2025-11-15,Payment,Debit,52.82
T100328,A5069,2025-04-11,Payment,Debit,13.8
T100329,A5061,2025-11-25,Payment,Debit,107.48
T100330,A5010,2025-09-30,Fee,Debit,146.25
T100331,A5050,2025-09-22,Payment,Credit,997.04
T100332,A5003,2025-02-07,Payment,Credit,468.1
T100333,A5077,2025-04-04,Payment,Debit,73.74
T100334,A5094,2025-04-05,Payment,Credit,236.8
T100335,A5070,2025-11-01,Incoming,Credit,400.01
T100336,A5081,2025-03-10,Incoming,Debit,164.54
T100337,A5051,2025-11-14,Payment,Debit,73.36
T100338,A5019,2025-08-24,Payment,Debit,78.37
T100339,A5042,2025-11-30,Payment,Credit,235.7
T100340,A5035,2025-05-17,Payment,Credit,243.61
T100341,A5046,2025-03-17,Payment,Debit,104.42
T100342,A5026,2025-02-04,Loan Repayment,Debit,6.4
T100343,A5069,2025-01-01,Incoming,Debit,31.54
T100344,A5093,2025-10-23,Incoming,Debit,312.19
T100345,A5064,2025-11-16,Payment,Debit,11.51
T100346,A5037,2025-03-01,Incoming,Debit,614.63
T100347,A5084,2025-11-16,Incoming,Credit,514.6
T100348,A5049,2025-12-15,Incoming,Debit,155.92
T100349,A5021,2025-11-24,Transfer,Debit,304.15
T100350,A5074,2025-09-24,Payment,Debit,279.93
T100351,A5064,2025-12-27,Incoming,Debit,128.99
T100352,A5005,2025-08-17,Payment,Debit,28.54
T100353,A5100,2025-09-27,Fee,Credit,473.77
T100354,A5070,2025-11-12,Incoming,Debit,803.26
T100355,A5090,2025-10-13,Incoming,Credit,34.8
T100356,A5004,2025-10-18,Payment,Debit,27.29
T100357,A5039,2025-08-01,Incoming,Credit,125.94
T100358,A5035,2025-06-14,Payment,Credit,70.0
T100359,A5001,2025-01-05,Payment,Credit,176.61
T100360,A5024,2025-12-05,Payment,Debit,632.44
T100361,A5057,2025-03-19,Incoming,Credit,10.03
T100362,A5100,2025-03-03,Payment,Credit,989.82
T100363,A5070,2025-05-12,Payment,Debit,91.1
T100364,A5041,2025-03-30,Fee,Credit,274.28
T100365,A5054,2025-08-25,Payment,Debit,311.83
T100366,A5046,2025-02-11,Incoming,Debit,358.67
T100367,A5060,2025-03-30,Payment,Debit,159.86
T100368,A5060,2025-10-23,Payment,Credit,211.59
T100369,A5057,2025-11-24,Transfer,Debit,209.94
T100370,A5031,2025-10-22,Payment,Credit,69.66
T100371,A5084,2025-04-14,Incoming,Credit,18.0
T100372,A5024,2025-01-14,Incoming,Credit,34.36
T100373,A5089,2025-10-15,Incoming,Debit,130.96
T100374,A5036,2025-06-28,Incoming,Credit,57.73
T100375,A5085,2025-05-05,Payment,Debit,57.89
T100376,A5030,2025-12-19,Payment,Debit,1285.75
T100377,A5024,2025-01-23,Transfer,Debit,416.0
T100378,A5030,2025-03-04,Incoming,Credit,109.67
T100379,A5086,2025-05-23,Transfer,Debit,332.43
T100380,A5092,2025-06-02,Transfer,Debit,89.63
T100381,A5007,2025-05-25,Transfer,Debit,169.5
T100382,A5035,2025-08-13,Incoming,Credit,252.13
T100383,A5055,2025-11-05,Payment,Debit,89.92
T100384,A5092,2025-04-14,Transfer,Credit,65.22
T100385,A5014,2025-04-14,Incoming,Credit,644.66
T100386,A5010,2025-02-08,Payment,Credit,310.11
T100387,A5080,2025-07-17,Fee,Debit,9.92
T100388,A5016,2025-05-14,Fee,Credit,66.57
T100389,A5054,2025-03-08,Incoming,Credit,58.12
T100390,A5095,2025-06-28,Payment,Debit,70.43
T100391,A5089,2025-02-11,Payment,Debit,417.75
T100392,A5077,2025-01-15,Transfer,Credit,151.87
T100393,A5070,2025-04-21,Fee,Debit,28.01
T100394,A5044,2025-06-06,Payment,Credit,93.7
T100395,A5073,2025-10-16,Payment,Credit,284.32
T100396,A5045,2025-08-19,Fee,Credit,114.03
T100397,A5100,2025-06-06,Payment,Debit,68.47
T100398,A5056,2025-02-07,Incoming,Credit,220.85
T100399,A5084,2025-04-07,Loan Repayment,Credit,1034.66
T100400,A5082,2025-10-16,Payment,Credit,258.19
T100401,A5057,2025-09-11,Incoming,Debit,707.07
T100402,A5021,2025-07-15,Payment,Credit,74.21
T100403,A5068,2025-03-27,Payment,Credit,146.93
T100404,A5050,2025-11-18,Transfer,Credit,143.41
T100405,A5033,2025-01-10,Incoming,Credit,171.13
T100406,A5091,2025-01-05,Loan Repayment,Debit,251.8
T100407,A5007,2025-05-03,Incoming,Debit,49.27
T100408,A5070,2025-11-26,Payment,Credit,322.72
T100409,A5015,2025-12-19,Payment,Credit,21.04
T100410,A5082,2025-04-28,Payment,Credit,29.88
T100411,A5032,2025-10-21,Payment,Credit,1925.13
T100412,A5075,2025-06-08,Payment,Credit,80.47
T100413,A5020,2025-10-30,Payment,Debit,356.18
T100414,A5088,2025-08-16,Incoming,Debit,1139.05
T100415,A5015,2025-12-31,Transfer,Debit,9.23
T100416,A5048,2025-08-04,Incoming,Debit,573.35
T100417,A5071,2025-07-03,Transfer,Debit,323.35
T100418,A5021,2025-01-15,Payment,Debit,1062.6
T100419,A5042,2025-06-06,Payment,Credit,35.95
T100420,A5026,2025-05-16,Incoming,Debit,846.83
T100421,A5014,2025-09-18,Incoming,Credit,61.11
T100422,A5057,2025-06-06,Payment,Debit,526.23
T100423,A5037,2025-02-16,Transfer,Debit,142.13
T100424,A5058,2025-11-20,Transfer,Credit,374.25
T100425,A5021,2025-11-28,Incoming,Credit,157.38
T100426,A5082,2025-06-22,Payment,Debit,16.33
T100427,A5069,2025-05-10,Transfer,Credit,3.51
T100428,A5003,2025-04-05,Incoming,Debit,190.93
T100429,A5087,2025-04-25,Transfer,Debit,108.15
T100430,A5090,2025-08-31,Transfer,Debit,239.34
T100431,A5037,2025-10-19,Transfer,Debit,109.66
T100432,A5088,2025-10-09,Incoming,Credit,1671.86
T100433,A5049,2025-10-26,Payment,Credit,195.71
T100434,A5019,2025-10-10,Incoming,Debit,86.8
T100435,A5089,2025-03-10,Incoming,Debit,222.48
T100436,A5085,2025-05-28,Transfer,Debit,88.73
T100437,A5012,2025-01-11,Payment,Credit,165.92
T100438,A5061,2025-09-11,Payment,Credit,34.43
T100439,A5041,2025-11-26,Fee,Debit,146.89
T100440,A5033,2025-12-26,Transfer,Credit,83.64
T100441,A5050,2025-02-07,Fee,Debit,38.58
T100442,A5068,2025-05-14,Transfer,Credit,1589.04
T100443,A5071,2025-07-19,Incoming,Debit,40.43
T100444,A5086,2025-01-23,Incoming,Debit,149.66
T100445,A5033,2025-10-30,Fee,Debit,56.64
T100446,A5081,2025-12-12,Incoming,Credit,211.97
T100447,A5024,2025-10-29,Incoming,Debit,32.16
T100448,A5061,2025-12-29,Payment,Debit,406.84
T100449,A5061,2025-08-06,Incoming,Credit,1708.53
T100450,A5098,2025-05-21,Transfer,Debit,54.19
T100451,A5028,2025-04-14,Payment,Debit,639.29
T100452,A5058,2025-07-29,Payment,Debit,93.85
T100453,A5043,2025-04-21,Payment,Debit,904.11
T100454,A5041,2025-04-14,Payment,Credit,2051.24
T100455,A5039,2025-11-12,Payment,Credit,112.12
T100456,A5086,2025-06-20,Incoming,Credit,23.94
T100457,A5049,2025-12-22,Fee,Debit,462.99
T100458,A5017,2025-11-20,Incoming,Debit,194.28
T100459,A5098,2025-05-13,Payment,Debit,271.01
T100460,A5070,2025-10-20,Payment,Credit,98.71
T100461,A5070,2025-11-24,Incoming,Credit,51.35
T100462,A5098,2025-05-07,Payment,Debit,597.3
T100463,A5065,2025-04-16,Transfer,Credit,217.84
T100464,A5074,2025-04-02,Incoming,Credit,26.25
T100465,A5085,2025-10-14,Transfer,Debit,338.41
T100466,A5005,2025-02-20,Payment,Credit,265.97
T100467,A5002,2025-01-29,Incoming,Credit,100.45
T100468,A5022,2025-10-23,Payment,Credit,1036.68
T100469,A5057,2025-10-24,Loan Repayment,Credit,70.68
T100470,A5066,2025-08-02,Incoming,Debit,121.17
T100471,A5074,2025-09-24,Payment,Credit,373.3
T100472,A5098,2025-09-14,Payment,Credit,162.73
T100473,A5016,2025-10-29,Payment,Credit,28.18
T100474,A5051,2025-04-11,Incoming,Debit,185.04
T100475,A5039,2025-12-12,Payment,Credit,90.26
T100476,A5086,2025-04-20,Incoming,Debit,415.05
T100477,A5076,2025-07-01,Payment,Credit,177.94
T100478,A5088,2025-11-09,Incoming,Credit,166.24
T100479,A5040,2025-01-01,Transfer,Credit,42.19
T100480,A5038,2025-11-15,Transfer,Debit,112.61
T100481,A5060,2025-02-24,Transfer,Debit,475.38
T100482,A5059,2025-05-29,Payment,Credit,58.45
T100483,A5010,2025-11-05,Payment,Debit,142.73
T100484,A5099,2025-05-17,Incoming,Debit,48.24
T100485,A5064,2025-07-21,Payment,Credit,35.85
T100486,A5063,2025-11-09,Incoming,Debit,134.04
T100487,A5049,2025-04-27,Payment,Credit,182.83
T100488,A5064,2025-06-03,Payment,Debit,1623.98
T100489,A5032,2025-10-18,Payment,Debit,85.92
T100490,A5007,2025-03-04,Fee,Debit,139.74
T100491,A5021,2025-09-01,Payment,Debit,33.11
T100492,A5020,2025-01-25,Incoming,Credit,309.42
T100493,A5026,2025-03-31,Payment,Debit,239.3
T100494,A5068,2025-03-16,Incoming,Credit,885.43
T100495,A5086,2025-10-21,Payment,Credit,563.38
T100496,A5015,2025-07-29,Fee,Debit,226.26
T100497,A5085,2025-12-13,Fee,Debit,84.43
T100498,A5079,2025-01-17,Payment,Debit,189.73
T100499,A5086,2025-05-08,Fee,Credit,129.9
T100500,A5092,2025-12-30,Loan Repayment,Debit,465.95
T100501,A5014,2025-09-08,Transfer,Debit,400.01
T100502,A5027,2025-06-28,Transfer,Credit,103.99
T100503,A5040,2025-07-01,Payment,Credit,25.68
T100504,A5058,2025-06-01,Incoming,Credit,735.14
T100505,A5028,2025-01-25,Payment,Credit,298.34
T100506,A5026,2025-06-29,Payment,Debit,101.15
T100507,A5063,2025-07-17,Loan Repayment,Debit,284.7
T100508,A5066,2025-12-10,Payment,Debit,162.36
T100509,A5025,2025-06-10,Transfer,Debit,722.23
T100510,A5003,2025-06-26,Transfer,Credit,14.65
T100511,A5072,2025-10-12,Fee,Debit,92.15
T100512,A5044,2025-03-04,Loan Repayment,Credit,1011.17
T100513,A5097,2025-05-30,Payment,Debit,291.73
T100514,A5042,2025-06-03,Payment,Credit,1245.3
T100515,A5099,2025-06-05,Payment,Debit,34.25
T100516,A5006,2025-02-18,Payment,Credit,537.34
T100517,A5039,2025-12-03,Payment,Credit,500.03
T100518,A5052,2025-03-25,Payment,Debit,19.73
T100519,A5023,2025-12-27,Transfer,Credit,104.1
T100520,A5089,2025-06-26,Incoming,Debit,130.6
T100521,A5050,2025-05-28,Payment,Credit,21.25
T100522,A5043,2025-04-28,Incoming,Debit,106.75
T100523,A5019,2025-12-08,Payment,Credit,423.19
T100524,A5069,2025-03-04,Payment,Credit,92.84
T100525,A5051,2025-07-08,Transfer,Credit,198.45
T100526,A5011,2025-12-26,Incoming,Credit,200.19
T100527,A5012,2025-02-18,Transfer,Credit,146.27
T100528,A5074,2025-11-23,Payment,Credit,63.67
T100529,A5008,2025-09-14,Transfer,Credit,327.2
T100530,A5024,2025-08-12,Incoming,Credit,22.1
T100531,A5092,2025-05-21,Incoming,Debit,149.95
T100532,A5041,2025-08-03,Incoming,Debit,782.57
T100533,A5036,2025-07-30,Fee,Credit,86.76
T100534,A5101,2025-11-14,Incoming,Debit,62.0
T100535,A5085,2025-02-01,Incoming,Debit,354.47
T100536,A5072,2025-06-07,Loan Repayment,Credit,180.57
T100537,A5055,2025-10-12,Transfer,Debit,363.05
T100538,A5009,2025-11-01,Incoming,Credit,155.43
T100539,A5047,2025-10-13,Transfer,Debit,8.45
T100540,A5015,2025-05-24,Payment,Credit,611.49
T100541,A5048,2025-01-19,Payment,Debit,1779.4
T100542,A5082,2025-01-18,Incoming,Debit,692.87
T100543,A5042,2025-09-14,Fee,Credit,2.12
T100544,A5060,2025-03-19,Fee,Credit,255.01
T100545,A5084,2025-06-24,Payment,Debit,84.77
T100546,A5070,2025-07-13,Incoming,Credit,40.4
T100547,A5012,2025-04-23,Payment,Debit,171.96
T100548,A5002,2025-04-24,Loan Repayment,Debit,124.12
T100549,A5007,2025-08-10,Loan Repayment,Debit,273.25
T100550,A5080,2025-06-15,Incoming,Debit,158.84
T100551,A5003,2025-11-15,Transfer,Debit,38.67
T100552,A5003,2025-05-12,Transfer,Debit,74.3
T100553,A5027,2025-09-21,Incoming,Credit,61.22
T100554,A5040,2025-02-24,Payment,Credit,18.92
T100555,A5033,2025-12-25,Incoming,Credit,28.62
T100556,A5092,2025-05-11,Incoming,Debit,115.21
T100557,A5001,2025-10-15,Incoming,Debit,819.34
T100558,A5008,2025-09-23,Payment,Credit,78.05
T100559,A5101,2025-06-11,Loan Repayment,Debit,59.8
T100560,A5032,2025-03-28,Payment,Debit,35.96
T100561,A5048,2025-02-24,Incoming,Credit,153.95
T100562,A5101,2025-10-15,Incoming,Debit,611.01
T100563,A5004,2025-06-27,Incoming,Credit,1641.26
T100564,A5094,2025-12-15,Incoming,Debit,209.03
T100565,A5070,2025-01-08,Payment,Credit,175.56
T100566,A5019,2025-11-17,Payment,Debit,77.31
T100567,A5032,2025-11-09,Incoming,Debit,94.45
T100568,A5009,2025-09-04,Incoming,Credit,315.77
T100569,A5012,2025-11-19,Payment,Debit,101.71
T100570,A5011,2025-09-12,Transfer,Debit,122.15
T100571,A5046,2025-11-24,Incoming,Credit,143.97
T100572,A5016,2025-02-23,Incoming,Credit,73.04
T100573,A5001,2025-09-06,Transfer,Debit,135.64
T100574,A5063,2025-08-27,Payment,Credit,13.15
T100575,A5021,2025-08-17,Payment,Credit,286.75
T100576,A5030,2025-03-08,Transfer,Credit,2495.21
T100577,A5013,2025-02-20,Incoming,Credit,76.52
T100578,A5034,2025-04-07,Incoming,Debit,232.43
T100579,A5004,2025-04-02,Transfer,Credit,412.36
T100580,A5028,2025-09-21,Transfer,Credit,689.7
T100581,A5095,2025-10-18,Loan Repayment,Credit,108.07
T100582,A5059,2025-04-06,Incoming,Credit,17.05
T100583,A5027,2025-03-29,Incoming,Debit,204.52
T100584,A5069,2025-03-19,Payment,Credit,173.18
T100585,A5025,2025-10-15,Payment,Debit,98.02
T100586,A5003,2025-04-30,Incoming,Debit,126.44
T100587,A5097,2025-10-29,Payment,Credit,176.34
T100588,A5068,2025-06-14,Fee,Debit,229.09
T100589,A5025,2025-07-01,Incoming,Credit,217.84
T100590,A5020,2025-08-11,Incoming,Debit,114.29
T100591,A5034,2025-11-07,Payment,Debit,235.36
T100592,A5026,2025-01-07,Payment,Credit,105.42
T100593,A5005,2025-11-26,Payment,Credit,320.68
T100594,A5099,2025-09-20,Incoming,Debit,69.9
T100595,A5061,2025-06-10,Payment,Credit,162.01
T100596,A5092,2025-05-31,Incoming,Credit,21.15
T100597,A5093,2025-03-26,Fee,Credit,95.21
T100598,A5009,2025-05-27,Fee,Credit,293.24
T100599,A5050,2025-04-22,Incoming,Debit,42.93
T100600,A5006,2025-02-05,Payment,Credit,101.08
T100601,A5083,2025-10-12,Fee,Credit,8.28
T100602,A5060,2025-07-07,Fee,Debit,28.74
T100603,A5044,2025-03-23,Payment,Credit,39.34
T100604,A5011,2025-01-02,Transfer,Credit,167.69
T100605,A5066,2025-10-30,Payment,Debit,221.43
T100606,A5047,2025-07-16,Transfer,Credit,138.76
T100607,A5073,2025-01-11,Loan Repayment,Debit,93.77
T100608,A5085,2025-08-22,Payment,Debit,94.17
T100609,A5088,2025-07-14,Fee,Credit,350.46
T100610,A5098,2025-04-29,Incoming,Debit,191.6
T100611,A5086,2025-01-20,Loan Repayment,Credit,99.41
T100612,A5003,2025-09-18,Incoming,Credit,700.62
T100613,A5076,2025-10-20,Transfer,Debit,1540.67
T100614,A5092,2025-09-13,Payment,Debit,33.29
T100615,A5030,2025-08-10,Payment,Credit,277.83
T100616,A5090,2025-08-14,Payment,Debit,6050.33
T100617,A5021,2025-02-22,Loan Repayment,Debit,207.73
T100618,A5028,2025-12-21,Transfer,Debit,170.47
T100619,A5090,2025-12-08,Fee,Debit,138.81
T100620,A5062,2025-12-30,Loan Repayment,Credit,267.26
T100621,A5033,2025-10-07,Payment,Credit,367.19
T100622,A5085,2025-03-22,Payment,Debit,33.32
T100623,A5035,2025-07-21,Payment,Credit,143.77
T100624,A5052,2025-06-07,Payment,Debit,9.74
T100625,A5034,2025-04-30,Payment,Credit,115.45
T100626,A5041,2025-02-28,Incoming,Credit,50.24
T100627,A5051,2025-08-03,Payment,Credit,222.96
T100628,A5047,2025-05-08,Payment,Debit,20.33
T100629,A5082,2025-08-12,Payment,Credit,80.26
T100630,A5058,2025-07-28,Payment,Debit,473.36
T100631,A5075,2025-04-25,Loan Repayment,Credit,65.92
T100632,A5057,2025-07-28,Transfer,Credit,15.09
T100633,A5023,2025-01-14,Loan Repayment,Credit,202.16
T100634,A5048,2025-01-09,Incoming,Debit,73.42
T100635,A5022,2025-02-09,Payment,Credit,118.74
T100636,A5017,2025-08-25,Transfer,Credit,61.82
T100637,A5069,2025-10-08,Payment,Credit,1586.48
T100638,A5011,2025-12-25,Payment,Credit,22.88
T100639,A5094,2025-07-20,Payment,Debit,4447.93
T100640,A5015,2025-09-03,Payment,Debit,92.87
T100641,A5091,2025-10-05,Payment,Credit,184.96
T100642,A5035,2025-08-23,Payment,Debit,74.46
T100643,A5033,2025-01-04,Incoming,Debit,70.81
T100644,A5084,2025-06-03,Payment,Credit,57.87
T100645,A5016,2025-01-29,Payment,Debit,305.37
T100646,A5034,2025-04-19,Transfer,Debit,27.3
T100647,A5066,2025-04-08,Payment,Credit,229.74
T100648,A5099,2025-08-03,Payment,Credit,10.79
T100649,A5040,2025-10-20,Fee,Debit,206.07
T100650,A5028,2025-03-16,Payment,Debit,411.16
T100651,A5047,2025-11-22,Payment,Credit,32.16
T100652,A5039,2025-05-26,Incoming,Credit,335.12
T100653,A5070,2025-05-08,Payment,Credit,157.85
T100654,A5073,2025-12-07,Incoming,Debit,1010.41
T100655,A5020,2025-02-11,Transfer,Debit,53.18
T100656,A5001,2025-12-22,Payment,Debit,4355.45
T100657,A5072,2025-02-10,Incoming,Credit,8.42
T100658,A5087,2025-02-03,Incoming,Debit,99.94
T100659,A5063,2025-01-17,Payment,Debit,19.33
T100660,A5067,2025-06-14,Incoming,Credit,1368.22
T100661,A5004,2025-06-02,Payment,Credit,108.41
T100662,A5058,2025-03-17,Incoming,Debit,120.78
T100663,A5025,2025-03-28,Payment,Debit,252.62
T100664,A5047,2025-04-27,Incoming,Debit,147.56
T100665,A5038,2025-12-28,Payment,Debit,72.78
T100666,A5015,2025-12-08,Transfer,Credit,32.85
T100667,A5063,2025-01-27,Payment,Debit,181.67
T100668,A5021,2025-11-09,Payment,Debit,233.83
T100669,A5099,2025-10-14,Incoming,Debit,341.88
T100670,A5057,2025-05-14,Transfer,Debit,1473.32
T100671,A5053,2025-08-07,Incoming,Debit,10.93
T100672,A5046,2025-06-17,Incoming,Credit,136.83
T100673,A5014,2025-04-08,Transfer,Debit,620.23
T100674,A5100,2025-09-25,Fee,Credit,127.81
T100675,A5076,2025-08-25,Payment,Credit,8.97
T100676,A5017,2025-11-05,Incoming,Credit,31.52
T100677,A5039,2025-06-22,Transfer,Credit,220.14
T100678,A5009,2025-07-09,Loan Repayment,Debit,210.74
T100679,A5099,2025-05-02,Fee,Debit,332.63
T100680,A5077,2025-02-15,Payment,Debit,58.14
T100681,A5079,2025-03-05,Payment,Debit,202.73
T100682,A5082,2025-05-10,Incoming,Credit,47.7
T100683,A5097,2025-11-06,Transfer,Debit,202.75
T100684,A5006,2025-12-29,Incoming,Credit,158.2
T100685,A5091,2025-07-12,Incoming,Credit,55.42
T100686,A5023,2025-11-03,Transfer,Debit,962.78
T100687,A5059,2025-06-30,Payment,Credit,19.17
T100688,A5091,2025-10-19,Fee,Credit,125.22
T100689,A5098,2025-10-09,Payment,Debit,53.97
T100690,A5046,2025-01-29,Payment,Debit,1340.83
T100691,A5038,2025-05-29,Incoming,Credit,304.32
T100692,A5014,2025-09-24,Transfer,Debit,68.09
T100693,A5100,2025-10-23,Payment,Debit,106.1
T100694,A5072,2025-01-11,Payment,Debit,1385.07
T100695,A5062,2025-06-13,Loan Repayment,Credit,47.68
T100696,A5035,2025-04-23,Payment,Debit,17.86
T100697,A5019,2025-07-06,Incoming,Debit,210.44
T100698,A5030,2025-10-22,Incoming,Debit,216.24
T100699,A5078,2025-08-20,Incoming,Debit,330.05
T100700,A5084,2025-08-15,Incoming,Credit,332.67
T100701,A5025,2025-11-06,Payment,Credit,1242.46
T100702,A5040,2025-04-08,Incoming,Credit,18.88
T100703,A5088,2025-02-24,Payment,Credit,35.05
T100704,A5014,2025-04-21,Incoming,Debit,328.54
T100705,A5026,2025-06-01,Payment,Credit,39.38
T100706,A5087,2025-09-03,Incoming,Debit,25.84
T100707,A5022,2025-03-10,Payment,Debit,1392.72
T100708,A5048,2025-11-08,Payment,Credit,21.24
T100709,A5083,2025-10-16,Payment,Credit,97.37
T100710,A5051,2025-09-07,Payment,Debit,138.21
T100711,A5003,2025-02-05,Transfer,Debit,714.06
T100712,A5042,2025-08-27,Payment,Credit,15.76
T100713,A5019,2025-05-28,Fee,Credit,244.34
T100714,A5073,2025-08-15,Loan Repayment,Debit,50.99
T100715,A5028,2025-09-01,Incoming,Debit,315.18
T100716,A5084,2025-12-03,Payment,Credit,49.99
T100717,A5045,2025-12-31,Payment,Debit,979.23
T100718,A5071,2025-07-20,Transfer,Credit,50.34
T100719,A5078,2025-06-03,Payment,Credit,7.73
T100720,A5063,2025-03-14,Payment,Credit,57.59
T100721,A5073,2025-07-20,Incoming,Credit,108.47
T100722,A5019,2025-10-23,Transfer,Credit,543.93
T100723,A5047,2025-01-17,Transfer,Debit,32.78
T100724,A5014,2025-05-09,Payment,Credit,33.57
T100725,A5038,2025-08-05,Incoming,Credit,469.98
T100726,A5053,2025-03-02,Payment,Credit,28.5
T100727,A5061,2025-04-14,Payment,Debit,119.73
T100728,A5036,2025-02-11,Fee,Credit,122.68
T100729,A5040,2025-01-25,Payment,Credit,192.69
T100730,A5081,2025-02-08,Payment,Debit,60.35
T100731,A5030,2025-10-18,Payment,Debit,48.79
T100732,A5009,2025-05-11,Fee,Credit,221.82
T100733,A5064,2025-08-17,Transfer,Debit,50.64
T100734,A5033,2025-04-18,Incoming,Debit,29.02
T100735,A5052,2025-06-21,Transfer,Debit,647.66
T100736,A5089,2025-04-12,Payment,Credit,266.59
T100737,A5014,2025-12-20,Incoming,Debit,1237.69
T100738,A5075,2025-01-12,Payment,Credit,380.22
T100739,A5053,2025-10-02,Payment,Debit,32.4
T100740,A5099,2025-04-11,Incoming,Debit,166.61
T100741,A5059,2025-02-13,Fee,Credit,43.87
T100742,A5078,2025-11-01,Payment,Debit,20.45
T100743,A5094,2025-01-17,Payment,Credit,86.78
T100744,A5041,2025-11-26,Payment,Debit,481.95
T100745,A5068,2025-02-26,Payment,Credit,206.42
T100746,A5068,2025-11-07,Fee,Credit,27.96
T100747,A5092,2025-10-30,Incoming,Credit,83.2
T100748,A5008,2025-01-12,Incoming,Debit,125.03
T100749,A5002,2025-11-14,Transfer,Credit,19.55
T100750,A5086,2025-03-21,Payment,Credit,349.26
T100751,A5041,2025-08-04,Incoming,Credit,112.79
T100752,A5055,2025-12-05,Incoming,Debit,27.97
T100753,A5016,2025-09-21,Incoming,Debit,26.14
T100754,A5093,2025-05-29,Loan Repayment,Credit,556.02
T100755,A5062,2025-03-22,Transfer,Credit,93.97
T100756,A5048,2025-08-03,Payment,Credit,619.2
T100757,A5030,2025-07-17,Transfer,Credit,979.05
T100758,A5012,2025-07-19,Payment,Credit,506.2
T100759,A5035,2025-01-25,Payment,Debit,78.25
T100760,A5011,2025-03-30,Payment,Credit,7.41
T100761,A5064,2025-09-25,Payment,Credit,216.07
T100762,A5050,2025-05-23,Incoming,Credit,1826.02
T100763,A5085,2025-02-28,Incoming,Debit,142.24
T100764,A5021,2025-12-31,Fee,Debit,13.63
T100765,A5069,2025-01-26,Incoming,Debit,66.03
T100766,A5048,2025-02-16,Incoming,Credit,119.05
T100767,A5020,2025-10-15,Payment,Credit,39.74
T100768,A5101,2025-09-23,Payment,Credit,6.84
T100769,A5067,2025-01-16,Incoming,Credit,131.97
T100770,A5044,2025-07-18,Incoming,Debit,57.87
T100771,A5033,2025-10-09,Transfer,Debit,1245.42
T100772,A5073,2025-03-27,Payment,Debit,167.54
T100773,A5061,2025-09-07,Payment,Debit,260.73
T100774,A5009,2025-09-27,Incoming,Credit,128.65
T100775,A5068,2025-12-01,Payment,Debit,166.08
T100776,A5035,2025-04-27,Payment,Credit,20.43
T100777,A5081,2025-01-07,Transfer,Credit,42.6
T100778,A5098,2025-05-17,Payment,Debit,548.03
T100779,A5088,2025-06-25,Incoming,Credit,190.82
T100780,A5096,2025-11-24,Payment,Credit,92.0
T100781,A5065,2025-11-11,Payment,Credit,265.98
T100782,A5008,2025-08-03,Payment,Debit,272.34
T100783,A5045,2025-03-23,Transfer,Debit,1618.21
T100784,A5087,2025-08-11,Payment,Credit,180.49
T100785,A5047,2025-04-13,Transfer,Debit,41.47
T100786,A5040,2025-09-30,Payment,Credit,129.17
T100787,A5076,2025-01-14,Transfer,Credit,307.69
T100788,A5054,2025-06-08,Payment,Debit,490.19
T100789,A5076,2025-06-01,Incoming,Debit,21.37
T100790,A5046,2025-04-18,Incoming,Debit,201.23
T100791,A5047,2025-07-07,Fee,Credit,50.57
T100792,A5015,2025-10-28,Payment,Debit,75.19
T100793,A5019,2025-04-08,Payment,Debit,409.53
T100794,A5026,2025-05-11,Payment,Debit,363.4
T100795,A5052,2025-10-20,Transfer,Credit,65.77
T100796,A5093,2025-06-20,Incoming,Debit,122.8
T100797,A5022,2025-07-02,Transfer,Debit,78.0
T100798,A5021,2025-12-30,Payment,Credit,4769.72
T100799,A5051,2025-02-08,Payment,Credit,207.27
T100800,A5038,2025-01-15,Payment,Credit,54.2
T100801,A5020,2025-01-04,Loan Repayment,Debit,725.31
T100802,A5029,2025-12-15,Incoming,Debit,756.69
T100803,A5051,2025-07-29,Loan Repayment,Debit,1274.11
T100804,A5004,2025-06-10,Payment,Debit,1818.18
T100805,A5055,2025-01-16,Incoming,Debit,346.98
T100806,A5071,2025-04-18,Incoming,Credit,97.53
T100807,A5092,2025-11-07,Payment,Credit,116.38
T100808,A5028,2025-08-15,Transfer,Debit,104.53
T100809,A5004,2025-06-19,Loan Repayment,Credit,91.42
T100810,A5022,2025-02-03,Fee,Credit,657.16
T100811,A5076,2025-09-08,Transfer,Debit,148.54
T100812,A5045,2025-09-04,Payment,Credit,476.14
T100813,A5067,2025-09-26,Payment,Credit,334.23
T100814,A5086,2025-05-21,Loan Repayment,Credit,39.71
T100815,A5066,2025-10-01,Payment,Credit,18.9
T100816,A5088,2025-04-06,Transfer,Debit,33.65
T100817,A5034,2025-08-15,Transfer,Debit,88.94
T100818,A5091,2025-02-08,Incoming,Debit,174.37
T100819,A5055,2025-10-29,Loan Repayment,Credit,68.17
T100820,A5001,2025-01-29,Payment,Debit,345.05
T100821,A5072,2025-11-14,Payment,Debit,78.79
T100822,A5087,2025-09-02,Payment,Debit,202.02
T100823,A5038,2025-08-24,Incoming,Credit,170.9
T100824,A5006,2025-07-04,Payment,Debit,1189.54
T100825,A5086,2025-09-29,Payment,Debit,46.05
T100826,A5025,2025-08-24,Transfer,Debit,2100.86
T100827,A5082,2025-08-27,Loan Repayment,Debit,72.73
T100828,A5017,2025-09-23,Payment,Credit,29.72
T100829,A5061,2025-12-25,Payment,Debit,114.4
T100830,A5012,2025-12-06,Fee,Credit,7245.73
T100831,A5006,2025-03-06,Payment,Debit,434.52
T100832,A5090,2025-06-26,Payment,Credit,305.99
T100833,A5027,2025-01-03,Payment,Credit,385.38
T100834,A5008,2025-05-22,Incoming,Credit,58.94
T100835,A5083,2025-06-07,Payment,Debit,219.48
T100836,A5065,2025-11-20,Loan Repayment,Credit,148.86
T100837,A5057,2025-05-26,Incoming,Debit,1300.99
T100838,A5093,2025-10-20,Incoming,Debit,130.27
T100839,A5099,2025-06-02,Payment,Credit,94.26
T100840,A5040,2025-07-12,Incoming,Credit,36.68
T100841,A5014,2025-03-14,Incoming,Credit,175.57
T100842,A5035,2025-11-01,Transfer,Debit,210.93
T100843,A5048,2025-12-10,Transfer,Debit,35.1
T100844,A5084,2025-05-20,Incoming,Credit,255.65
T100845,A5056,2025-07-06,Fee,Credit,196.33
T100846,A5049,2025-10-20,Transfer,Debit,500.76
T100847,A5013,2025-03-02,Transfer,Debit,635.77
T100848,A5061,2025-07-17,Payment,Debit,166.19
T100849,A5049,2025-10-22,Payment,Debit,42.79
T100850,A5046,2025-11-15,Payment,Credit,54.78
T100851,A5062,2025-10-29,Incoming,Credit,1229.73
T100852,A5008,2025-12-10,Payment,Credit,181.02
T100853,A5043,2025-01-11,Payment,Credit,1206.39
T100854,A5020,2025-03-03,Fee,Credit,269.97
T100855,A5097,2025-11-29,Fee,Credit,366.68
T100856,A5090,2025-08-14,Fee,Credit,457.82
T100857,A5039,2025-06-02,Payment,Debit,34.2
T100858,A5085,2025-07-18,Incoming,Debit,214.51
T100859,A5049,2025-02-21,Payment,Debit,33.64
T100860,A5064,2025-09-17,Payment,Debit,105.44
T100861,A5062,2025-02-28,Payment,Credit,319.96
T100862,A5054,2025-03-13,Payment,Debit,43.36
T100863,A5009,2025-05-28,Incoming,Credit,290.38
T100864,A5088,2025-12-15,Transfer,Debit,24.58
T100865,A5037,2025-03-04,Payment,Credit,585.22
T100866,A5049,2025-11-06,Transfer,Debit,66.86
T100867,A5041,2025-08-31,Incoming,Credit,43.27
T100868,A5017,2025-11-26,Payment,Credit,26.51
T100869,A5088,2025-04-17,Incoming,Debit,74.05
T100870,A5021,2025-08-14,Payment,Credit,15.04
T100871,A5051,2025-11-09,Incoming,Debit,76.86
T100872,A5059,2025-08-06,Incoming,Debit,555.23
T100873,A5039,2025-08-29,Payment,Debit,118.34
T100874,A5055,2025-09-16,Payment,Debit,36.12
T100875,A5041,2025-09-19,Incoming,Debit,194.71
T100876,A5039,2025-01-05,Fee,Credit,175.12
T100877,A5013,2025-09-18,Payment,Debit,1552.98
T100878,A5064,2025-02-23,Transfer,Debit,383.32
T100879,A5011,2025-02-16,Incoming,Debit,214.16
T100880,A5019,2025-08-03,Loan Repayment,Credit,439.69
T100881,A5011,2025-06-26,Transfer,Debit,126.31
T100882,A5077,2025-01-09,Incoming,Debit,135.57
T100883,A5046,2025-04-09,Incoming,Debit,1086.51
T100884,A5045,2025-01-20,Fee,Credit,20.85
T100885,A5001,2025-08-29,Payment,Credit,474.16
T100886,A5040,2025-03-02,Payment,Credit,129.94
T100887,A5019,2025-06-27,Payment,Debit,104.61
T100888,A5076,2025-12-04,Transfer,Debit,76.44
T100889,A5072,2025-03-03,Transfer,Credit,178.47
T100890,A5072,2025-05-25,Payment,Credit,140.86
T100891,A5061,2025-08-04,Incoming,Credit,90.23
T100892,A5012,2025-01-03,Incoming,Credit,63.87
T100893,A5061,2025-06-09,Payment,Debit,15.08
T100894,A5033,2025-08-15,Loan Repayment,Debit,62.27
T100895,A5045,2025-09-26,Payment,Credit,80.26
T100896,A5090,2025-04-30,Payment,Debit,177.95
T100897,A5092,2025-03-30,Incoming,Credit,1565.1
T100898,A5069,2025-11-25,Transfer,Debit,70.87
T100899,A5008,2025-03-09,Payment,Credit,43.45
T100900,A5025,2025-12-23,Incoming,Credit,62.97
T100901,A5091,2025-04-08,Incoming,Credit,178.4
T100902,A5046,2025-09-24,Payment,Debit,300.78
T100903,A5087,2025-04-15,Payment,Debit,355.67
T100904,A5030,2025-11-19,Incoming,Debit,400.71
T100905,A5047,2025-05-03,Payment,Credit,474.89
T100906,A5087,2025-01-29,Loan Repayment,Credit,106.2
T100907,A5049,2025-05-17,Transfer,Credit,1743.71
T100908,A5047,2025-07-14,Loan Repayment,Debit,96.96
T100909,A5084,2025-08-14,Payment,Credit,169.22
T100910,A5082,2025-11-28,Loan Repayment,Debit,702.74
T100911,A5018,2025-06-19,Incoming,Debit,292.86
T100912,A5066,2025-01-09,Payment,Debit,10.08
T100913,A5068,2025-02-09,Payment,Credit,149.42
T100914,A5094,2025-01-25,Payment,Credit,417.53
T100915,A5033,2025-09-18,Incoming,Credit,29.6
T100916,A5036,2025-08-14,Incoming,Debit,365.34
T100917,A5082,2025-05-04,Payment,Debit,237.03
T100918,A5101,2025-02-07,Incoming,Credit,614.44
T100919,A5019,2025-11-24,Payment,Credit,64.69
T100920,A5028,2025-09-08,Incoming,Debit,490.33
T100921,A5040,2025-06-25,Payment,Debit,179.74
T100922,A5084,2025-03-31,Transfer,Credit,1235.54
T100923,A5097,2025-02-06,Transfer,Debit,4201.76
T100924,A5076,2025-11-12,Incoming,Credit,940.11
T100925,A5015,2025-06-25,Payment,Credit,264.18
T100926,A5041,2025-10-11,Payment,Debit,2404.76
T100927,A5039,2025-03-22,Transfer,Debit,306.18
T100928,A5002,2025-04-24,Payment,Debit,49.92
T100929,A5063,2025-02-09,Payment,Credit,141.58
T100930,A5029,2025-10-28,Payment,Debit,370.19
T100931,A5074,2025-08-12,Incoming,Credit,399.87
T100932,A5066,2025-11-14,Incoming,Credit,38.46
T100933,A5051,2025-12-15,Transfer,Debit,39.96
T100934,A5075,2025-04-25,Payment,Credit,98.54
T100935,A5077,2025-07-05,Payment,Debit,281.87
T100936,A5010,2025-11-19,Transfer,Debit,328.68
T100937,A5014,2025-02-25,Transfer,Credit,175.84
T100938,A5082,2025-02-09,Payment,Credit,54.53
T100939,A5051,2025-12-20,Incoming,Credit,1193.13
T100940,A5073,2025-02-09,Payment,Credit,41.0
T100941,A5039,2025-12-13,Loan Repayment,Debit,708.26
T100942,A5028,2025-08-25,Payment,Debit,360.17
T100943,A5003,2025-10-16,Loan Repayment,Credit,689.8
T100944,A5084,2025-09-19,Incoming,Credit,87.07
T100945,A5070,2025-08-04,Incoming,Debit,125.06
T100946,A5027,2025-05-27,Payment,Debit,158.55
T100947,A5002,2025-12-02,Incoming,Credit,83.79
T100948,A5093,2025-06-17,Payment,Credit,194.48
T100949,A5038,2025-04-02,Payment,Debit,987.23
T100950,A5003,2025-12-19,Incoming,Credit,31.31
T100951,A5016,2025-02-28,Loan Repayment,Credit,67.45
T100952,A5094,2025-02-28,Incoming,Debit,59.21
T100953,A5040,2025-10-31,Transfer,Debit,132.52
T100954,A5002,2025-06-18,Payment,Debit,126.14
T100955,A5081,2025-09-26,Payment,Debit,374.94
T100956,A5041,2025-12-29,Payment,Debit,154.54
T100957,A5012,2025-02-14,Incoming,Credit,213.46
T100958,A5035,2025-12-11,Loan Repayment,Credit,239.4
T100959,A5065,2025-06-30,Incoming,Credit,199.23
T100960,A5055,2025-06-19,Payment,Credit,345.15
T100961,A5045,2025-12-22,Payment,Debit,128.15
T100962,A5079,2025-07-10,Incoming,Debit,1070.24
T100963,A5090,2025-06-04,Payment,Debit,3133.62
T100964,A5101,2025-07-07,Transfer,Debit,346.36
T100965,A5085,2025-01-07,Transfer,Credit,195.12
T100966,A5062,2025-05-13,Incoming,Credit,314.03
T100967,A5049,2025-08-23,Payment,Debit,39.6
T100968,A5095,2025-02-14,Payment,Debit,184.22
T100969,A5025,2025-11-10,Payment,Debit,61.71
T100970,A5023,2025-09-06,Payment,Debit,273.68
T100971,A5024,2025-01-31,Payment,Debit,62.08
T100972,A5038,2025-01-23,Incoming,Debit,98.13
T100973,A5028,2025-06-09,Incoming,Credit,15.7
T100974,A5021,2025-12-29,Payment,Debit,36.31
T100975,A5054,2025-06-07,Payment,Debit,227.2
T100976,A5018,2025-02-08,Payment,Credit,52.32
T100977,A5036,2025-03-23,Payment,Debit,531.94
T100978,A5099,2025-12-22,Transfer,Credit,47.24
T100979,A5045,2025-09-15,Payment,Debit,255.67
T100980,A5073,2025-07-25,Payment,Credit,59.49
T100981,A5053,2025-03-18,Payment,Debit,235.7
T100982,A5030,2025-01-12,Fee,Credit,23.53
T100983,A5060,2025-10-22,Incoming,Debit,86.16
T100984,A5098,2025-08-12,Payment,Credit,53.76
T100985,A5032,2025-01-13,Incoming,Credit,428.32
T100986,A5067,2025-02-15,Transfer,Debit,258.45
T100987,A5067,2025-06-04,Loan Repayment,Debit,33.82
T100988,A5028,2025-04-23,Payment,Credit,116.3
T100989,A5044,2025-08-21,Fee,Credit,58.75
T100990,A5079,2025-01-17,Loan Repayment,Debit,464.2
T100991,A5041,2025-12-26,Fee,Debit,682.55
T100992,A5063,2025-08-11,Incoming,Debit,26.31
T100993,A5023,2025-12-20,Incoming,Credit,400.23
T100994,A5075,2025-07-07,Payment,Debit,55.26
T100995,A5048,2025-12-10,Transfer,Credit,109.56
T100996,A5032,2025-12-31,Incoming,Credit,154.27
T100997,A5057,2025-06-12,Incoming,Debit,1312.81
T100998,A5100,2025-11-22,Incoming,Debit,44.5
T100999,A5033,2025-03-15,Transfer,Debit,404.12
T101000,A5024,2025-08-21,Transfer,Credit,36.39
T101001,A5039,2025-08-12,Payment,Credit,33.49
T101002,A5034,2025-11-15,Transfer,Credit,153.57
T101003,A5056,2025-03-01,Incoming,Debit,152.33
T101004,A5028,2025-12-01,Transfer,Credit,4.96
T101005,A5037,2025-08-10,Incoming,Credit,596.76
T101006,A5007,2025-02-06,Payment,Credit,11.39
T101007,A5068,2025-10-05,Fee,Debit,124.57
T101008,A5037,2025-07-15,Payment,Credit,730.07
T101009,A5056,2025-12-18,Transfer,Debit,2102.79
T101010,A5065,2025-08-30,Incoming,Credit,96.0
T101011,A5065,2025-11-20,Incoming,Debit,26.59
T101012,A5047,2025-08-07,Payment,Credit,698.31
T101013,A5020,2025-07-11,Incoming,Debit,419.13
T101014,A5019,2025-01-17,Payment,Debit,82.53
T101015,A5029,2025-01-12,Payment,Credit,70.89
T101016,A5074,2025-07-12,Payment,Debit,62.75
T101017,A5060,2025-01-22,Payment,Credit,98.15
T101018,A5018,2025-04-30,Loan Repayment,Debit,216.87
T101019,A5092,2025-07-29,Loan Repayment,Debit,75.25
T101020,A5035,2025-11-02,Payment,Credit,87.58
T101021,A5043,2025-09-27,Transfer,Credit,320.39
T101022,A5095,2025-07-11,Payment,Credit,25.06
T101023,A5091,2025-06-24,Incoming,Credit,94.53
T101024,A5011,2025-10-12,Transfer,Credit,19.86
T101025,A5049,2025-07-23,Loan Repayment,Credit,169.03
T101026,A5038,2025-06-13,Payment,Credit,14.48
T101027,A5064,2025-09-08,Transfer,Debit,431.82
T101028,A5069,2025-08-15,Payment,Credit,30.64
T101029,A5008,2025-01-07,Loan Repayment,Credit,17.69
T101030,A5034,2025-01-29,Payment,Debit,95.93
T101031,A5048,2025-02-02,Incoming,Credit,1156.7
T101032,A5056,2025-05-14,Incoming,Credit,348.43
T101033,A5076,2025-03-20,Incoming,Credit,14.78
T101034,A5065,2025-02-27,Payment,Debit,29.61
T101035,A5031,2025-01-26,Loan Repayment,Debit,92.32
T101036,A5004,2025-08-14,Payment,Credit,2177.7
T101037,A5050,2025-10-12,Incoming,Debit,48.1
T101038,A5069,2025-01-04,Payment,Debit,48.57
T101039,A5030,2025-04-09,Payment,Debit,927.89
T101040,A5088,2025-02-08,Incoming,Debit,187.52
T101041,A5059,2025-09-28,Payment,Debit,525.11
T101042,A5067,2025-10-12,Payment,Credit,62.02
T101043,A5075,2025-06-06,Payment,Credit,131.37
T101044,A5045,2025-03-16,Payment,Credit,719.65
T101045,A5004,2025-10-15,Transfer,Debit,124.73
T101046,A5026,2025-05-10,Fee,Debit,571.16
T101047,A5027,2025-06-24,Payment,Debit,236.21
T101048,A5046,2025-03-25,Payment,Debit,42.63
T101049,A5064,2025-01-22,Payment,Credit,145.54
T101050,A5091,2025-01-27,Payment,Debit,481.86
T101051,A5051,2025-07-14,Incoming,Debit,331.39
T101052,A5050,2025-12-03,Incoming,Debit,141.41
T101053,A5006,2025-08-24,Payment,Debit,15.33
T101054,A5059,2025-04-02,Payment,Debit,17.2
T101055,A5015,2025-01-21,Payment,Credit,22.2
T101056,A5030,2025-10-30,Transfer,Debit,80.44
T101057,A5042,2025-12-23,Loan Repayment,Credit,94.39
T101058,A5101,2025-03-25,Payment,Debit,25.27
T101059,A5037,2025-09-19,Payment,Debit,506.24
T101060,A5042,2025-05-27,Fee,Credit,32.57
T101061,A5101,2025-09-14,Fee,Debit,28.66
T101062,A5035,2025-02-27,Payment,Credit,164.99
T101063,A5087,2025-01-15,Payment,Credit,477.56
T101064,A5006,2025-06-11,Payment,Credit,1747.3
T101065,A5068,2025-06-12,Incoming,Debit,298.58
T101066,A5018,2025-11-16,Payment,Debit,988.11
T101067,A5073,2025-10-08,Payment,Debit,34.66
T101068,A5029,2025-10-07,Incoming,Credit,1981.65
T101069,A5077,2025-01-12,Payment,Debit,15.9
T101070,A5059,2025-10-01,Transfer,Debit,81.08
T101071,A5047,2025-09-28,Payment,Credit,290.84
T101072,A5017,2025-07-27,Payment,Credit,21.62
T101073,A5096,2025-01-27,Incoming,Credit,48.79
T101074,A5022,2025-03-13,Payment,Debit,40.32
T101075,A5068,2025-03-01,Loan Repayment,Debit,102.28
T101076,A5069,2025-05-25,Incoming,Debit,817.21
T101077,A5037,2025-04-03,Payment,Credit,151.44
T101078,A5049,2025-11-05,Transfer,Debit,85.14
T101079,A5013,2025-01-08,Payment,Credit,4.66
T101080,A5034,2025-03-20,Fee,Credit,259.85
T101081,A5086,2025-01-27,Payment,Debit,382.99
T101082,A5053,2025-06-23,Incoming,Credit,19.3
T101083,A5087,2025-02-19,Payment,Debit,136.95
T101084,A5051,2025-07-18,Incoming,Credit,187.09
T101085,A5003,2025-12-15,Transfer,Debit,472.26
T101086,A5042,2025-06-30,Transfer,Credit,62.2
T101087,A5098,2025-01-24,Payment,Debit,51.91
T101088,A5032,2025-11-12,Payment,Credit,85.82
T101089,A5051,2025-02-15,Transfer,Credit,693.2
T101090,A5085,2025-01-15,Loan Repayment,Debit,519.37
T101091,A5046,2025-06-02,Payment,Credit,144.66
T101092,A5021,2025-08-10,Incoming,Debit,504.58
T101093,A5044,2025-07-25,Payment,Debit,8.65
T101094,A5011,2025-09-30,Fee,Credit,383.75
T101095,A5068,2025-08-24,Payment,Credit,38.76
T101096,A5001,2025-12-06,Payment,Debit,1236.98
T101097,A5092,2025-08-16,Transfer,Debit,41.38
T101098,A5063,2025-01-09,Payment,Debit,53.34
T101099,A5024,2025-06-15,Incoming,Debit,291.46
T101100,A5099,2025-11-15,Incoming,Debit,327.26
T101101,A5013,2025-08-02,Payment,Credit,86.87
T101102,A5098,2025-04-27,Payment,Debit,231.76
T101103,A5011,2025-12-10,Incoming,Debit,268.93
T101104,A5100,2025-03-13,Payment,Credit,237.87
T101105,A5051,2025-03-05,Incoming,Credit,91.34
T101106,A5017,2025-07-24,Transfer,Credit,272.12
T101107,A5099,2025-07-28,Transfer,Credit,802.43
T101108,A5082,2025-03-13,Payment,Debit,34.1
T101109,A5086,2025-10-04,Payment,Credit,54.16
T101110,A5024,2025-10-01,Payment,Credit,153.35
T101111,A5019,2025-11-16,Payment,Credit,41.78
T101112,A5037,2025-12-04,Payment,Debit,17.05
T101113,A5085,2025-04-05,Incoming,Debit,551.01
T101114,A5008,2025-06-15,Payment,Credit,10.23
T101115,A5028,2025-02-01,Payment,Credit,91.57
T101116,A5005,2025-01-11,Payment,Debit,368.98
T101117,A5017,2025-10-28,Incoming,Debit,204.39
T101118,A5101,2025-08-05,Payment,Credit,93.25
T101119,A5036,2025-10-16,Incoming,Credit,39.77
T101120,A5019,2025-04-12,Payment,Credit,224.22
T101121,A5064,2025-09-24,Fee,Credit,45.33
T101122,A5091,2025-08-02,Fee,Debit,204.2
T101123,A5098,2025-06-28,Payment,Debit,175.76
T101124,A5011,2025-03-29,Payment,Debit,177.9
T101125,A5054,2025-02-10,Payment,Debit,68.83
T101126,A5045,2025-03-17,Payment,Credit,1706.18
T101127,A5047,2025-02-15,Incoming,Debit,228.11
T101128,A5012,2025-06-09,Transfer,Debit,106.22
T101129,A5021,2025-03-21,Incoming,Credit,203.8
T101130,A5011,2025-11-06,Transfer,Credit,58.59
T101131,A5092,2025-03-27,Payment,Debit,93.36
T101132,A5005,2025-04-02,Payment,Credit,2618.36
T101133,A5081,2025-05-28,Transfer,Credit,59.09
T101134,A5056,2025-06-10,Payment,Debit,135.19
T101135,A5020,2025-07-21,Incoming,Debit,85.86
T101136,A5041,2025-08-30,Payment,Credit,42.62
T101137,A5046,2025-12-19,Payment,Debit,245.99
T101138,A5012,2025-01-02,Loan Repayment,Credit,155.05
T101139,A5070,2025-08-13,Payment,Debit,442.85
T101140,A5017,2025-10-16,Loan Repayment,Debit,392.56
T101141,A5019,2025-08-21,Loan Repayment,Debit,437.4
T101142,A5026,2025-03-18,Transfer,Credit,49.31
T101143,A5048,2025-04-26,Incoming,Debit,320.27
T101144,A5052,2025-06-03,Incoming,Debit,329.75
T101145,A5096,2025-04-13,Fee,Credit,43.59
T101146,A5070,2025-07-13,Payment,Credit,101.26
T101147,A5055,2025-06-15,Incoming,Credit,25.86
T101148,A5100,2025-12-25,Incoming,Credit,331.47
T101149,A5075,2025-03-31,Payment,Debit,329.65
T101150,A5033,2025-06-23,Incoming,Credit,825.87
T101151,A5062,2025-05-02,Payment,Credit,112.78
T101152,A5088,2025-05-23,Incoming,Debit,255.13
T101153,A5023,2025-04-16,Fee,Credit,485.55
T101154,A5015,2025-11-01,Payment,Debit,60.06
T101155,A5027,2025-12-26,Loan Repayment,Credit,50.04
T101156,A5075,2025-11-13,Incoming,Debit,62.34
T101157,A5064,2025-05-03,Transfer,Debit,97.6
T101158,A5081,2025-01-09,Incoming,Debit,52.21
T101159,A5051,2025-09-19,Transfer,Credit,65.64
T101160,A5053,2025-03-14,Payment,Debit,427.13
T101161,A5078,2025-12-25,Transfer,Credit,132.21
T101162,A5091,2025-08-11,Payment,Credit,214.44
T101163,A5082,2025-02-10,Fee,Credit,76.64
T101164,A5092,2025-07-23,Loan Repayment,Debit,70.84
T101165,A5051,2025-09-21,Payment,Credit,209.07
T101166,A5047,2025-11-24,Payment,Debit,172.65
T101167,A5004,2025-06-27,Transfer,Credit,377.51
T101168,A5007,2025-12-14,Payment,Credit,707.62
T101169,A5035,2025-11-14,Fee,Debit,64.74
T101170,A5048,2025-03-25,Payment,Credit,417.14
T101171,A5073,2025-11-14,Payment,Debit,40.62
T101172,A5072,2025-04-21,Loan Repayment,Credit,1787.43
T101173,A5045,2025-09-08,Incoming,Debit,57.77
T101174,A5081,2025-01-07,Transfer,Debit,339.94
T101175,A5081,2025-03-25,Payment,Credit,40.26
T101176,A5097,2025-07-27,Incoming,Credit,123.65
T101177,A5096,2025-11-10,Incoming,Debit,948.5
T101178,A5072,2025-01-22,Incoming,Debit,55.63
T101179,A5019,2025-01-03,Incoming,Credit,2090.22
T101180,A5063,2025-05-07,Incoming,Credit,147.48
T101181,A5038,2025-10-24,Incoming,Debit,478.6
T101182,A5067,2025-07-07,Payment,Debit,240.7
T101183,A5059,2025-12-28,Transfer,Credit,256.84
T101184,A5069,2025-01-14,Payment,Debit,26.81
T101185,A5013,2025-01-12,Incoming,Credit,84.15
T101186,A5047,2025-03-28,Payment,Debit,623.39
T101187,A5061,2025-01-12,Incoming,Credit,98.18
T101188,A5031,2025-01-25,Transfer,Debit,175.32
T101189,A5080,2025-10-28,Payment,Debit,23.18
T101190,A5096,2025-08-31,Payment,Debit,77.86
T101191,A5022,2025-05-02,Payment,Debit,571.15
T101192,A5093,2025-05-27,Incoming,Debit,31.84
T101193,A5086,2025-02-24,Transfer,Debit,350.9
T101194,A5043,2025-08-26,Payment,Credit,183.71
T101195,A5067,2025-12-22,Transfer,Debit,111.82
T101196,A5054,2025-06-22,Payment,Debit,106.07
T101197,A5010,2025-08-09,Incoming,Debit,82.33
T101198,A5042,2025-04-29,Fee,Credit,91.62
T101199,A5064,2025-11-05,Payment,Credit,452.91
T101200,A5021,2025-07-02,Incoming,Credit,88.37
T101201,A5080,2025-10-15,Payment,Debit,1298.69
T101202,A5076,2025-11-03,Payment,Credit,212.61
T101203,A5066,2025-10-27,Payment,Debit,74.33
T101204,A5041,2025-03-23,Payment,Debit,477.25
T101205,A5024,2025-07-30,Incoming,Debit,313.77
T101206,A5035,2025-05-30,Incoming,Debit,20.39
T101207,A5056,2025-02-06,Incoming,Credit,42.89
T101208,A5030,2025-12-18,Payment,Credit,129.22
T101209,A5057,2025-11-08,Payment,Credit,22.19
T101210,A5094,2025-12-27,Incoming,Debit,1823.72
T101211,A5047,2025-02-28,Loan Repayment,Credit,398.09
T101212,A5035,2025-05-11,Payment,Debit,146.06
T101213,A5019,2025-07-21,Fee,Credit,98.37
T101214,A5008,2025-08-31,Incoming,Credit,72.27
T101215,A5026,2025-02-04,Incoming,Credit,14.06
T101216,A5071,2025-04-03,Incoming,Debit,18.55
T101217,A5030,2025-07-26,Payment,Debit,1452.94
T101218,A5007,2025-12-19,Payment,Credit,980.75
T101219,A5067,2025-11-28,Incoming,Debit,74.37
T101220,A5065,2025-11-01,Payment,Credit,441.24
T101221,A5036,2025-12-16,Fee,Debit,272.52
T101222,A5025,2025-08-01,Payment,Debit,313.92
T101223,A5037,2025-06-08,Payment,Credit,26.84
T101224,A5001,2025-01-24,Transfer,Debit,16.95
T101225,A5015,2025-10-20,Payment,Credit,613.46
T101226,A5037,2025-01-04,Incoming,Debit,13.8
T101227,A5013,2025-08-08,Incoming,Credit,124.23
T101228,A5008,2025-12-30,Fee,Debit,95.46
T101229,A5005,2025-01-20,Transfer,Credit,85.44
T101230,A5060,2025-06-01,Incoming,Debit,216.45
T101231,A5073,2025-02-19,Incoming,Debit,65.82
T101232,A5001,2025-06-26,Loan Repayment,Debit,238.62
T101233,A5036,2025-04-06,Payment,Debit,175.81
T101234,A5035,2025-04-15,Payment,Debit,1841.76
T101235,A5066,2025-09-07,Payment,Credit,28.15
T101236,A5063,2025-04-27,Payment,Credit,153.72
T101237,A5023,2025-12-20,Incoming,Credit,249.04
T101238,A5009,2025-08-16,Incoming,Debit,109.11
T101239,A5034,2025-03-07,Incoming,Credit,29.83
T101240,A5046,2025-12-01,Payment,Debit,670.84
T101241,A5078,2025-09-19,Transfer,Debit,222.37
T101242,A5004,2025-10-22,Payment,Credit,32.45
T101243,A5030,2025-08-31,Incoming,Credit,251.24
T101244,A5095,2025-07-05,Incoming,Credit,1143.53
T101245,A5075,2025-09-03,Payment,Credit,142.08
T101246,A5099,2025-05-05,Payment,Credit,148.02
T101247,A5072,2025-09-25,Payment,Credit,974.19
T101248,A5003,2025-05-11,Transfer,Debit,46.32
T101249,A5014,2025-08-25,Fee,Debit,1179.76
T101250,A5060,2025-01-18,Incoming,Credit,476.99
T101251,A5077,2025-02-09,Payment,Credit,48.96
T101252,A5045,2025-01-21,Payment,Credit,66.56
T101253,A5096,2025-08-13,Transfer,Debit,79.06
T101254,A5034,2025-12-21,Transfer,Debit,16.44
T101255,A5045,2025-10-09,Payment,Credit,202.87
T101256,A5061,2025-01-08,Payment,Credit,51.69
T101257,A5083,2025-04-10,Transfer,Debit,211.85
T101258,A5016,2025-08-28,Payment,Debit,31.53
T101259,A5066,2025-03-28,Payment,Credit,449.27
T101260,A5040,2025-10-25,Payment,Debit,359.66
T101261,A5017,2025-01-14,Incoming,Credit,63.62
T101262,A5034,2025-11-30,Fee,Credit,228.51
T101263,A5016,2025-01-02,Loan Repayment,Debit,163.94
T101264,A5060,2025-10-20,Incoming,Debit,878.98
T101265,A5066,2025-11-21,Incoming,Credit,42.99
T101266,A5066,2025-02-10,Payment,Debit,123.62
T101267,A5090,2025-11-14,Incoming,Credit,68.8
T101268,A5013,2025-11-12,Payment,Debit,156.61
T101269,A5056,2025-04-21,Incoming,Debit,281.44
T101270,A5031,2025-01-14,Payment,Debit,67.89
T101271,A5034,2025-08-19,Payment,Debit,95.88
T101272,A5039,2025-03-25,Payment,Credit,473.07
T101273,A5067,2025-05-10,Payment,Debit,756.57
T101274,A5008,2025-08-19,Payment,Debit,268.33
T101275,A5087,2025-11-22,Payment,Debit,125.77
T101276,A5078,2025-05-25,Loan Repayment,Credit,112.2
T101277,A5055,2025-12-11,Incoming,Debit,286.5
T101278,A5027,2025-01-28,Incoming,Debit,195.06
T101279,A5093,2025-03-07,Fee,Credit,20.52
T101280,A5053,2025-06-12,Loan Repayment,Debit,294.97
T101281,A5039,2025-08-17,Incoming,Credit,52.84
T101282,A5065,2025-09-18,Transfer,Credit,27.1
T101283,A5017,2025-06-13,Payment,Debit,20.05
T101284,A5030,2025-10-28,Payment,Debit,114.51
T101285,A5053,2025-10-30,Payment,Debit,43.82
T101286,A5013,2025-10-14,Incoming,Credit,9.1
T101287,A5021,2025-01-10,Incoming,Debit,96.53
T101288,A5019,2025-07-14,Payment,Credit,82.38
T101289,A5053,2025-04-28,Payment,Credit,123.98
T101290,A5019,2025-09-27,Incoming,Credit,69.78
T101291,A5057,2025-03-21,Payment,Debit,1333.01
T101292,A5025,2025-04-03,Incoming,Debit,276.11
T101293,A5086,2025-09-23,Incoming,Debit,81.49
T101294,A5031,2025-11-28,Transfer,Debit,137.5
T101295,A5081,2025-12-16,Transfer,Credit,810.44
T101296,A5055,2025-12-27,Fee,Debit,467.76
T101297,A5023,2025-09-14,Incoming,Credit,27.79
T101298,A5032,2025-05-13,Transfer,Debit,46.1
T101299,A5062,2025-10-03,Incoming,Credit,58.08
T101300,A5074,2025-09-21,Payment,Debit,87.56
T101301,A5010,2025-06-20,Payment,Debit,72.64
T101302,A5100,2025-01-01,Payment,Debit,154.6
T101303,A5072,2025-11-09,Incoming,Debit,358.84
T101304,A5054,2025-03-05,Incoming,Credit,438.43
T101305,A5052,2025-10-11,Transfer,Debit,100.27
T101306,A5020,2025-05-01,Payment,Credit,20.87
T101307,A5032,2025-04-17,Payment,Debit,42.59
T101308,A5014,2025-06-24,Loan Repayment,Debit,79.54
T101309,A5050,2025-07-23,Payment,Credit,33.31
T101310,A5028,2025-06-14,Incoming,Debit,583.49
T101311,A5053,2025-11-01,Incoming,Debit,36.04
T101312,A5024,2025-04-30,Incoming,Credit,311.21
T101313,A5079,2025-02-13,Payment,Debit,19.72
T101314,A5022,2025-11-08,Payment,Credit,326.57
T101315,A5030,2025-06-05,Payment,Debit,125.57
T101316,A5063,2025-07-26,Incoming,Debit,911.45
T101317,A5004,2025-04-18,Incoming,Debit,38.17
T101318,A5077,2025-09-08,Payment,Debit,75.42
T101319,A5059,2025-11-30,Incoming,Credit,95.15
T101320,A5087,2025-05-10,Transfer,Debit,123.59
T101321,A5008,2025-10-20,Payment,Credit,97.99
T101322,A5082,2025-01-20,Incoming,Debit,100.28
T101323,A5012,2025-10-09,Incoming,Debit,98.33
T101324,A5031,2025-10-12,Payment,Credit,12.36
T101325,A5078,2025-01-01,Payment,Credit,488.82
T101326,A5034,2025-04-29,Incoming,Debit,4597.94
T101327,A5082,2025-02-04,Fee,Debit,212.28
T101328,A5098,2025-07-17,Transfer,Credit,37.98
T101329,A5075,2025-09-02,Incoming,Credit,42.89
T101330,A5076,2025-02-28,Transfer,Credit,309.76
T101331,A5049,2025-11-21,Payment,Debit,235.7
T101332,A5079,2025-06-10,Incoming,Credit,105.51
T101333,A5057,2025-06-28,Incoming,Debit,366.53
T101334,A5095,2025-07-25,Payment,Credit,12.47
T101335,A5093,2025-01-12,Transfer,Debit,366.82
T101336,A5026,2025-10-03,Incoming,Credit,197.42
T101337,A5018,2025-06-30,Payment,Debit,44.92
T101338,A5096,2025-08-30,Fee,Credit,26.58
T101339,A5086,2025-08-04,Payment,Debit,171.67
T101340,A5038,2025-09-08,Payment,Credit,803.27
T101341,A5081,2025-10-26,Payment,Debit,112.88
T101342,A5087,2025-05-06,Transfer,Debit,53.34
T101343,A5088,2025-08-05,Transfer,Credit,186.71
T101344,A5050,2025-11-02,Payment,Debit,1319.55
T101345,A5008,2025-10-12,Incoming,Debit,249.03
T101346,A5041,2025-07-04,Payment,Credit,283.52
T101347,A5006,2025-02-08,Transfer,Credit,643.78
T101348,A5069,2025-08-11,Incoming,Credit,261.67
T101349,A5044,2025-07-03,Payment,Debit,58.14
T101350,A5064,2025-06-27,Loan Repayment,Debit,18.29
T101351,A5029,2025-10-21,Payment,Credit,49.11
T101352,A5028,2025-12-06,Payment,Debit,39.42
T101353,A5011,2025-05-31,Incoming,Debit,327.4
T101354,A5065,2025-05-06,Loan Repayment,Debit,386.84
T101355,A5019,2025-10-28,Payment,Debit,183.22
T101356,A5009,2025-11-04,Payment,Debit,32.38
T101357,A5027,2025-12-02,Payment,Debit,1266.38
T101358,A5034,2025-08-22,Incoming,Credit,90.07
T101359,A5044,2025-01-08,Payment,Debit,306.18
T101360,A5068,2025-12-07,Incoming,Debit,157.46
T101361,A5100,2025-05-09,Loan Repayment,Credit,190.64
T101362,A5082,2025-09-21,Incoming,Debit,293.48
T101363,A5015,2025-06-06,Payment,Debit,64.38
T101364,A5051,2025-12-18,Payment,Debit,710.87
T101365,A5013,2025-12-24,Payment,Credit,22.3
T101366,A5083,2025-01-05,Fee,Credit,42.68
T101367,A5049,2025-03-27,Payment,Debit,699.88
T101368,A5070,2025-06-24,Payment,Debit,301.27
T101369,A5056,2025-10-17,Incoming,Credit,3129.0
T101370,A5076,2025-07-12,Incoming,Debit,161.1
T101371,A5051,2025-11-07,Incoming,Debit,1141.98
T101372,A5037,2025-04-29,Payment,Credit,15.98
T101373,A5017,2025-08-06,Transfer,Credit,27.22
T101374,A5058,2025-04-24,Loan Repayment,Credit,434.69
T101375,A5087,2025-05-25,Incoming,Debit,18.39
T101376,A5090,2025-01-26,Loan Repayment,Credit,117.12
T101377,A5029,2025-05-16,Payment,Credit,602.24
T101378,A5033,2025-10-30,Incoming,Credit,270.81
T101379,A5060,2025-08-20,Incoming,Credit,150.4
T101380,A5091,2025-03-17,Incoming,Credit,86.58
T101381,A5089,2025-11-24,Payment,Credit,189.17
T101382,A5055,2025-12-11,Payment,Debit,296.69
T101383,A5010,2025-10-29,Payment,Debit,67.15
T101384,A5047,2025-10-16,Payment,Credit,231.85
T101385,A5023,2025-01-01,Payment,Credit,541.38
T101386,A5085,2025-05-27,Transfer,Debit,113.64
T101387,A5021,2025-10-14,Payment,Credit,161.06
T101388,A5013,2025-05-22,Payment,Credit,265.21
T101389,A5101,2025-02-22,Incoming,Credit,287.61
T101390,A5033,2025-10-31,Incoming,Credit,425.87
T101391,A5024,2025-03-10,Fee,Debit,43.94
T101392,A5011,2025-12-27,Incoming,Credit,78.67
T101393,A5017,2025-03-31,Payment,Debit,82.25
T101394,A5068,2025-08-08,Transfer,Credit,50.16
T101395,A5047,2025-07-11,Incoming,Credit,17.15
T101396,A5025,2025-03-04,Payment,Debit,2.99
T101397,A5094,2025-03-14,Incoming,Credit,623.0
T101398,A5073,2025-06-10,Fee,Debit,23.0
T101399,A5021,2025-06-18,Payment,Credit,972.44
T101400,A5084,2025-03-30,Payment,Debit,360.43
T101401,A5083,2025-06-25,Payment,Credit,91.21
T101402,A5083,2025-09-26,Payment,Debit,310.97
T101403,A5012,2025-03-14,Incoming,Credit,247.19
T101404,A5037,2025-09-02,Incoming,Debit,39.56
T101405,A5042,2025-03-18,Payment,Credit,145.77
T101406,A5017,2025-06-08,Loan Repayment,Debit,45.8
T101407,A5101,2025-11-20,Transfer,Credit,325.37
T101408,A5048,2025-04-08,Incoming,Debit,62.91
T101409,A5028,2025-04-12,Transfer,Credit,132.16
T101410,A5041,2025-05-12,Payment,Credit,125.49
T101411,A5099,2025-04-12,Incoming,Debit,171.73
T101412,A5047,2025-01-19,Incoming,Credit,1091.24
T101413,A5018,2025-03-23,Transfer,Credit,111.15
T101414,A5078,2025-10-06,Transfer,Debit,640.03
T101415,A5099,2025-12-05,Payment,Debit,264.01
T101416,A5071,2025-12-31,Loan Repayment,Credit,814.1
T101417,A5013,2025-11-27,Payment,Debit,98.88
T101418,A5082,2025-05-09,Fee,Debit,342.19
T101419,A5101,2025-12-10,Loan Repayment,Credit,138.22
T101420,A5013,2025-11-06,Payment,Debit,4.11
T101421,A5100,2025-03-30,Transfer,Debit,40.13
T101422,A5031,2025-08-01,Payment,Debit,298.52
T101423,A5002,2025-05-23,Payment,Credit,275.76
T101424,A5016,2025-03-06,Incoming,Debit,31.38
T101425,A5009,2025-03-17,Incoming,Credit,193.34
T101426,A5073,2025-07-18,Loan Repayment,Credit,271.49
T101427,A5038,2025-05-23,Incoming,Credit,142.37
T101428,A5075,2025-11-12,Incoming,Debit,355.88
T101429,A5054,2025-04-03,Transfer,Debit,302.19
T101430,A5056,2025-11-01,Loan Repayment,Debit,142.28
T101431,A5086,2025-08-12,Payment,Debit,80.4
T101432,A5097,2025-10-18,Loan Repayment,Credit,518.56
T101433,A5100,2025-04-12,Payment,Credit,258.73
T101434,A5087,2025-09-24,Transfer,Credit,28.28
T101435,A5045,2025-12-21,Payment,Credit,193.46
T101436,A5034,2025-04-20,Payment,Debit,37.29
T101437,A5009,2025-11-26,Incoming,Debit,46.64
T101438,A5088,2025-09-22,Incoming,Credit,67.88
T101439,A5008,2025-01-03,Payment,Credit,156.62
T101440,A5007,2025-03-26,Payment,Credit,232.61
T101441,A5036,2025-10-09,Incoming,Credit,90.86
T101442,A5018,2025-11-24,Fee,Debit,95.75
T101443,A5003,2025-10-31,Payment,Debit,81.13
T101444,A5028,2025-04-27,Payment,Debit,521.66
T101445,A5070,2025-08-09,Incoming,Credit,4.84
T101446,A5044,2025-06-03,Payment,Credit,102.47
T101447,A5021,2025-06-02,Transfer,Credit,947.65
T101448,A5028,2025-01-12,Transfer,Debit,276.08
T101449,A5054,2025-05-13,Incoming,Debit,678.73
T101450,A5054,2025-10-31,Payment,Credit,12.92
T101451,A5065,2025-10-20,Transfer,Debit,33.42
T101452,A5100,2025-10-27,Incoming,Debit,275.02
T101453,A5021,2025-08-16,Transfer,Debit,954.09
T101454,A5099,2025-09-28,Incoming,Debit,37.73
T101455,A5013,2025-02-12,Transfer,Debit,93.19
T101456,A5057,2025-12-09,Incoming,Debit,240.27
T101457,A5049,2025-11-22,Payment,Credit,25.97
T101458,A5054,2025-10-29,Loan Repayment,Credit,277.56
T101459,A5010,2025-12-30,Incoming,Credit,5.98
T101460,A5053,2025-01-21,Incoming,Credit,267.92
T101461,A5044,2025-04-17,Payment,Debit,44.97
T101462,A5047,2025-12-02,Incoming,Debit,86.74
T101463,A5053,2025-10-30,Incoming,Credit,324.49
T101464,A5074,2025-04-27,Payment,Debit,253.84
T101465,A5046,2025-05-04,Payment,Credit,147.0
T101466,A5013,2025-10-08,Incoming,Credit,474.78
T101467,A5037,2025-10-19,Transfer,Credit,19.29
T101468,A5024,2025-07-22,Incoming,Credit,189.67
T101469,A5002,2025-02-20,Payment,Credit,57.5
T101470,A5086,2025-09-28,Incoming,Debit,446.59
T101471,A5081,2025-11-20,Payment,Credit,338.49
T101472,A5100,2025-10-04,Incoming,Debit,353.55
T101473,A5014,2025-05-21,Payment,Credit,1068.98
T101474,A5010,2025-10-02,Payment,Credit,573.42
T101475,A5035,2025-10-17,Payment,Credit,122.87
T101476,A5025,2025-11-30,Payment,Debit,148.19
T101477,A5003,2025-02-21,Payment,Credit,305.25
T101478,A5017,2025-01-27,Payment,Debit,174.76
T101479,A5012,2025-06-06,Incoming,Debit,345.92
T101480,A5054,2025-08-27,Incoming,Debit,10.21
T101481,A5024,2025-06-05,Payment,Debit,1417.95
T101482,A5029,2025-10-18,Transfer,Credit,159.69
T101483,A5043,2025-05-16,Payment,Credit,21.18
T101484,A5025,2025-05-24,Incoming,Credit,49.57
T101485,A5100,2025-04-16,Payment,Debit,11.53
T101486,A5060,2025-06-07,Payment,Credit,40.11
T101487,A5090,2025-05-26,Incoming,Credit,125.12
T101488,A5065,2025-01-02,Incoming,Debit,913.84
T101489,A5084,2025-03-18,Fee,Credit,242.94
T101490,A5028,2025-05-12,Incoming,Debit,196.26
T101491,A5016,2025-03-31,Loan Repayment,Debit,38.01
T101492,A5047,2025-12-11,Payment,Credit,55.18
T101493,A5081,2025-12-16,Payment,Credit,60.56
T101494,A5092,2025-09-20,Payment,Credit,63.6
T101495,A5058,2025-12-17,Payment,Debit,97.33
T101496,A5076,2025-04-18,Incoming,Debit,106.57
T101497,A5027,2025-03-15,Incoming,Debit,98.8
T101498,A5053,2025-02-08,Payment,Debit,66.31
T101499,A5042,2025-06-08,Loan Repayment,Debit,174.52
T101500,A5059,2025-03-12,Transfer,Credit,101.77
T101501,A5047,2025-11-08,Payment,Credit,21.87
T101502,A5094,2025-08-29,Payment,Debit,154.66
T101503,A5034,2025-10-25,Payment,Credit,129.01
T101504,A5037,2025-02-05,Payment,Credit,22.3
T101505,A5006,2025-03-25,Payment,Debit,73.0
T101506,A5007,2025-09-20,Incoming,Credit,303.84
T101507,A5096,2025-11-06,Payment,Debit,37.95
T101508,A5096,2025-06-21,Payment,Debit,33.43
T101509,A5025,2025-06-22,Loan Repayment,Credit,100.5
T101510,A5033,2025-12-28,Incoming,Debit,313.41
T101511,A5055,2025-02-16,Loan Repayment,Credit,1302.96
T101512,A5058,2025-05-21,Payment,Credit,327.25
T101513,A5007,2025-04-28,Payment,Credit,545.55
T101514,A5057,2025-10-04,Incoming,Credit,224.99
T101515,A5012,2025-08-02,Payment,Debit,65.23
T101516,A5016,2025-08-08,Payment,Credit,324.42
T101517,A5080,2025-01-26,Incoming,Credit,133.92
T101518,A5043,2025-01-09,Incoming,Credit,233.33
T101519,A5100,2025-09-28,Payment,Debit,47.69
T101520,A5077,2025-01-10,Incoming,Debit,259.75
T101521,A5007,2025-05-01,Payment,Credit,128.43
T101522,A5100,2025-05-05,Payment,Credit,195.88
T101523,A5051,2025-06-19,Payment,Credit,134.01
T101524,A5073,2025-03-13,Payment,Credit,106.42
T101525,A5032,2025-06-01,Payment,Debit,265.5
T101526,A5075,2025-07-27,Loan Repayment,Debit,91.17
T101527,A5008,2025-02-18,Incoming,Credit,22.06
T101528,A5097,2025-06-03,Transfer,Credit,15.66
T101529,A5087,2025-12-13,Payment,Credit,185.17
T101530,A5089,2025-10-20,Payment,Debit,86.78
T101531,A5072,2025-03-09,Payment,Credit,18.64
T101532,A5045,2025-02-19,Payment,Debit,168.65
T101533,A5086,2025-06-01,Payment,Debit,132.6
T101534,A5059,2025-01-19,Transfer,Credit,81.49
T101535,A5004,2025-04-10,Incoming,Debit,199.57
T101536,A5067,2025-03-01,Incoming,Debit,719.18
T101537,A5029,2025-06-16,Incoming,Debit,693.33
T101538,A5029,2025-07-21,Fee,Credit,176.36
T101539,A5098,2025-12-11,Payment,Credit,134.07
T101540,A5098,2025-05-26,Payment,Debit,179.34
T101541,A5028,2025-06-13,Payment,Debit,215.04
T101542,A5077,2025-08-30,Transfer,Debit,107.56
T101543,A5079,2025-03-10,Loan Repayment,Debit,182.99
T101544,A5087,2025-06-24,Payment,Debit,22.46
T101545,A5044,2025-02-18,Fee,Debit,163.63
T101546,A5090,2025-04-18,Transfer,Credit,263.01
T101547,A5004,2025-08-14,Payment,Debit,82.45
T101548,A5090,2025-06-10,Payment,Debit,132.35
T101549,A5009,2025-04-29,Payment,Debit,39.1
T101550,A5005,2025-05-29,Loan Repayment,Debit,33.1
T101551,A5056,2025-05-30,Payment,Credit,191.13
T101552,A5096,2025-10-20,Transfer,Debit,61.84
T101553,A5084,2025-05-23,Payment,Debit,17.6
T101554,A5050,2025-06-09,Transfer,Credit,39.09
T101555,A5075,2025-01-11,Incoming,Credit,46.54
T101556,A5015,2025-05-18,Incoming,Credit,375.97
T101557,A5032,2025-03-19,Transfer,Credit,184.0
T101558,A5028,2025-03-18,Transfer,Credit,52.15
T101559,A5022,2025-09-11,Fee,Credit,73.31
T101560,A5017,2025-09-15,Payment,Debit,716.59
T101561,A5059,2025-11-16,Incoming,Debit,456.38
T101562,A5090,2025-10-18,Payment,Debit,38.8
T101563,A5071,2025-09-20,Payment,Debit,599.58
T101564,A5057,2025-03-26,Incoming,Credit,134.73
T101565,A5026,2025-05-26,Payment,Credit,387.43
T101566,A5025,2025-11-19,Incoming,Debit,122.0
T101567,A5010,2025-02-11,Loan Repayment,Credit,615.84
T101568,A5045,2025-05-05,Payment,Debit,36.91
T101569,A5083,2025-06-16,Incoming,Debit,109.23
T101570,A5011,2025-08-29,Payment,Debit,638.9
T101571,A5077,2025-10-07,Payment,Debit,8.41
T101572,A5053,2025-07-07,Payment,Credit,140.43
T101573,A5072,2025-10-29,Loan Repayment,Credit,92.55
T101574,A5068,2025-01-19,Fee,Debit,337.51
T101575,A5095,2025-03-09,Fee,Credit,535.87
T101576,A5028,2025-08-06,Loan Repayment,Debit,356.5
T101577,A5075,2025-04-12,Payment,Credit,198.18
T101578,A5065,2025-02-11,Payment,Debit,155.82
T101579,A5049,2025-10-15,Incoming,Debit,98.37
T101580,A5047,2025-06-16,Incoming,Debit,190.94
T101581,A5052,2025-04-19,Payment,Credit,855.41
T101582,A5088,2025-02-05,Payment,Credit,54.78
T101583,A5054,2025-08-20,Incoming,Debit,91.61
T101584,A5060,2025-08-17,Incoming,Credit,135.56
T101585,A5057,2025-12-19,Payment,Debit,493.3
T101586,A5047,2025-06-13,Incoming,Debit,194.02
T101587,A5031,2025-03-14,Incoming,Debit,483.08
T101588,A5046,2025-05-16,Incoming,Debit,513.34
T101589,A5026,2025-12-19,Payment,Credit,302.01
T101590,A5005,2025-03-11,Transfer,Debit,41.4
T101591,A5084,2025-07-15,Payment,Debit,1089.32
T101592,A5052,2025-09-26,Payment,Credit,808.24
T101593,A5075,2025-02-18,Transfer,Debit,160.17
T101594,A5054,2025-11-12,Incoming,Credit,28.27
T101595,A5033,2025-05-10,Payment,Credit,22.81
T101596,A5050,2025-01-05,Incoming,Credit,201.38
T101597,A5038,2025-01-27,Incoming,Debit,63.94
T101598,A5027,2025-06-09,Transfer,Credit,18.9
T101599,A5098,2025-05-29,Transfer,Debit,22.3
T101600,A5015,2025-09-21,Incoming,Debit,84.44
T101601,A5096,2025-08-18,Incoming,Credit,187.53
T101602,A5061,2025-07-19,Payment,Credit,801.8
T101603,A5021,2025-02-19,Payment,Debit,265.35
T101604,A5046,2025-03-08,Payment,Credit,93.91
T101605,A5069,2025-10-27,Incoming,Debit,234.14
T101606,A5006,2025-02-27,Incoming,Credit,210.33
T101607,A5038,2025-09-16,Payment,Debit,360.49
T101608,A5062,2025-12-08,Payment,Debit,141.47
T101609,A5086,2025-11-22,Incoming,Credit,514.62
T101610,A5062,2025-05-10,Payment,Credit,399.15
T101611,A5082,2025-08-03,Transfer,Credit,163.9
T101612,A5078,2025-06-21,Payment,Credit,128.63
T101613,A5074,2025-09-15,Incoming,Debit,447.51
T101614,A5046,2025-04-12,Loan Repayment,Debit,63.04
T101615,A5013,2025-07-28,Payment,Credit,24.34
T101616,A5095,2025-10-18,Incoming,Debit,24.17
T101617,A5094,2025-12-20,Payment,Debit,57.07
T101618,A5003,2025-10-13,Incoming,Credit,327.53
T101619,A5094,2025-04-26,Incoming,Credit,89.36
T101620,A5006,2025-09-21,Payment,Debit,189.7
T101621,A5093,2025-05-30,Incoming,Debit,81.91
T101622,A5008,2025-10-27,Fee,Debit,82.7
T101623,A5044,2025-02-05,Payment,Debit,43.36
T101624,A5033,2025-11-29,Payment,Credit,132.92
T101625,A5081,2025-10-14,Fee,Debit,120.28
T101626,A5075,2025-10-30,Incoming,Debit,243.52
T101627,A5077,2025-11-07,Fee,Debit,209.61
T101628,A5050,2025-07-27,Incoming,Credit,117.15
T101629,A5011,2025-04-16,Transfer,Credit,24.35
T101630,A5095,2025-06-07,Incoming,Credit,536.3
T101631,A5028,2025-05-01,Transfer,Debit,134.01
T101632,A5070,2025-02-24,Fee,Credit,163.3
T101633,A5041,2025-01-12,Incoming,Credit,1012.92
T101634,A5016,2025-05-25,Payment,Credit,441.36
T101635,A5068,2025-05-16,Payment,Credit,253.6
T101636,A5099,2025-01-03,Payment,Debit,148.0
T101637,A5048,2025-05-24,Payment,Debit,146.35
T101638,A5056,2025-01-30,Payment,Debit,197.97
T101639,A5064,2025-08-25,Incoming,Credit,241.84
T101640,A5059,2025-10-06,Incoming,Debit,1157.11
T101641,A5090,2025-12-14,Incoming,Credit,2886.84
T101642,A5062,2025-04-25,Incoming,Credit,210.25
T101643,A5076,2025-04-14,Payment,Credit,11.2
T101644,A5011,2025-04-28,Payment,Credit,47.37
T101645,A5101,2025-01-05,Payment,Credit,1304.79
T101646,A5089,2025-12-26,Incoming,Debit,351.56
T101647,A5018,2025-09-05,Payment,Debit,247.46
T101648,A5019,2025-12-30,Payment,Debit,121.49
T101649,A5087,2025-11-17,Payment,Credit,35.63
T101650,A5055,2025-05-01,Transfer,Credit,1111.37
T101651,A5082,2025-10-13,Payment,Credit,55.27
T101652,A5026,2025-05-29,Incoming,Debit,356.09
T101653,A5006,2025-03-25,Incoming,Debit,31.16
T101654,A5004,2025-08-19,Transfer,Debit,114.62
T101655,A5029,2025-10-15,Loan Repayment,Credit,488.6
T101656,A5059,2025-06-10,Payment,Debit,109.99
T101657,A5098,2025-09-29,Payment,Credit,95.38
T101658,A5017,2025-02-07,Fee,Debit,150.32
T101659,A5043,2025-08-14,Incoming,Debit,29.87
T101660,A5080,2025-05-22,Incoming,Debit,23.83
T101661,A5066,2025-10-19,Incoming,Debit,349.7
T101662,A5034,2025-05-31,Incoming,Credit,89.42
T101663,A5008,2025-04-24,Loan Repayment,Debit,346.46
T101664,A5013,2025-08-25,Loan Repayment,Debit,567.83
T101665,A5008,2025-03-07,Transfer,Credit,625.39
T101666,A5094,2025-12-27,Payment,Credit,21.22
T101667,A5096,2025-12-07,Fee,Credit,64.24
T101668,A5100,2025-09-15,Payment,Credit,282.9
T101669,A5094,2025-09-06,Payment,Credit,288.18
T101670,A5065,2025-11-27,Fee,Debit,2206.86
T101671,A5043,2025-11-19,Payment,Credit,49.94
T101672,A5039,2025-06-29,Payment,Credit,602.93
T101673,A5081,2025-07-09,Payment,Debit,232.0
T101674,A5059,2025-06-03,Fee,Debit,20.73
T101675,A5084,2025-07-15,Incoming,Debit,76.91
T101676,A5088,2025-11-07,Incoming,Credit,203.37
T101677,A5086,2025-09-19,Payment,Debit,19.2
T101678,A5093,2025-05-23,Transfer,Debit,12.32
T101679,A5086,2025-12-08,Transfer,Credit,17.93
T101680,A5044,2025-11-12,Payment,Credit,202.54
T101681,A5009,2025-04-11,Payment,Debit,82.96
T101682,A5037,2025-09-01,Payment,Debit,70.53
T101683,A5074,2025-01-12,Loan Repayment,Debit,73.5
T101684,A5036,2025-08-27,Incoming,Debit,26.87
T101685,A5101,2025-02-18,Loan Repayment,Debit,85.83
T101686,A5092,2025-02-11,Payment,Debit,16.7
T101687,A5028,2025-06-15,Transfer,Credit,617.19
T101688,A5042,2025-03-23,Transfer,Credit,1130.93
T101689,A5043,2025-10-18,Incoming,Credit,9.1
T101690,A5085,2025-06-07,Loan Repayment,Debit,84.52
T101691,A5088,2025-08-04,Payment,Debit,91.39
T101692,A5042,2025-06-07,Payment,Debit,120.38
T101693,A5066,2025-05-14,Incoming,Credit,493.65
T101694,A5055,2025-03-08,Transfer,Debit,84.82
T101695,A5072,2025-12-02,Incoming,Credit,133.5
T101696,A5048,2025-01-07,Payment,Credit,5296.84
T101697,A5091,2025-01-14,Incoming,Debit,129.86
T101698,A5022,2025-03-14,Payment,Debit,1235.82
T101699,A5101,2025-06-12,Incoming,Debit,271.07
T101700,A5027,2025-03-07,Incoming,Credit,76.37
T101701,A5093,2025-12-13,Transfer,Debit,62.5
T101702,A5067,2025-05-10,Payment,Credit,147.12
T101703,A5013,2025-07-25,Payment,Credit,38.41
T101704,A5045,2025-10-03,Payment,Debit,52.63
T101705,A5010,2025-09-13,Payment,Debit,89.33
T101706,A5100,2025-09-23,Transfer,Debit,211.03
T101707,A5009,2025-01-25,Fee,Credit,1327.69
T101708,A5054,2025-10-08,Payment,Debit,82.93
T101709,A5027,2025-09-10,Transfer,Credit,258.22
T101710,A5034,2025-11-06,Fee,Debit,21.04
T101711,A5001,2025-10-16,Transfer,Credit,529.72
T101712,A5032,2025-06-13,Payment,Credit,18.8
T101713,A5089,2025-04-05,Loan Repayment,Debit,386.86
T101714,A5093,2025-09-27,Payment,Debit,134.68
T101715,A5071,2025-11-17,Payment,Credit,128.41
T101716,A5067,2025-04-20,Payment,Credit,103.51
T101717,A5084,2025-12-02,Incoming,Debit,31.14
T101718,A5020,2025-11-06,Payment,Credit,33.18
T101719,A5094,2025-08-26,Payment,Credit,404.97
T101720,A5035,2025-01-25,Payment,Credit,150.55
T101721,A5099,2025-05-21,Transfer,Credit,102.61
T101722,A5091,2025-04-27,Fee,Debit,252.67
T101723,A5090,2025-01-25,Payment,Debit,167.6
T101724,A5078,2025-03-20,Fee,Debit,57.31
T101725,A5017,2025-03-09,Fee,Debit,2844.65
T101726,A5018,2025-06-22,Transfer,Credit,361.01
T101727,A5045,2025-01-12,Payment,Credit,172.86
T101728,A5093,2025-10-15,Incoming,Credit,80.13
T101729,A5084,2025-05-08,Loan Repayment,Credit,465.59
T101730,A5053,2025-04-06,Incoming,Credit,57.68
T101731,A5091,2025-04-02,Payment,Debit,52.14
T101732,A5082,2025-05-21,Incoming,Debit,1132.28
T101733,A5068,2025-01-31,Incoming,Credit,153.98
T101734,A5065,2025-11-30,Incoming,Debit,59.38
T101735,A5001,2025-01-20,Payment,Debit,149.43
T101736,A5058,2025-05-26,Payment,Debit,411.67
T101737,A5026,2025-11-12,Transfer,Debit,312.78
T101738,A5020,2025-06-09,Fee,Debit,477.76
T101739,A5087,2025-12-15,Payment,Debit,33.13
T101740,A5010,2025-02-12,Loan Repayment,Debit,463.58
T101741,A5059,2025-09-11,Payment,Debit,119.72
T101742,A5075,2025-05-10,Incoming,Credit,165.16
T101743,A5041,2025-03-01,Transfer,Credit,633.58
T101744,A5005,2025-05-31,Transfer,Debit,344.91
T101745,A5065,2025-10-14,Loan Repayment,Credit,226.16
T101746,A5017,2025-01-05,Payment,Credit,13.72
T101747,A5022,2025-09-23,Fee,Debit,140.53
T101748,A5098,2025-12-11,Payment,Credit,57.88
T101749,A5041,2025-05-10,Transfer,Debit,348.37
T101750,A5093,2025-09-24,Transfer,Debit,487.43
T101751,A5068,2025-06-27,Incoming,Debit,103.29
T101752,A5069,2025-09-10,Payment,Debit,66.66
T101753,A5011,2025-02-25,Fee,Credit,960.6
T101754,A5056,2025-03-24,Payment,Debit,71.97
T101755,A5051,2025-04-09,Payment,Debit,35.39
T101756,A5021,2025-05-29,Transfer,Debit,54.64
T101757,A5099,2025-11-25,Incoming,Credit,76.25
T101758,A5076,2025-06-05,Transfer,Credit,52.79
T101759,A5026,2025-07-09,Payment,Debit,409.31
T101760,A5019,2025-09-20,Payment,Credit,10.62
T101761,A5060,2025-03-21,Transfer,Debit,51.47
T101762,A5071,2025-09-09,Incoming,Credit,140.19
T101763,A5047,2025-04-07,Payment,Credit,191.0
T101764,A5071,2025-09-17,Transfer,Credit,1130.26
T101765,A5026,2025-09-17,Incoming,Credit,947.93
T101766,A5040,2025-04-13,Incoming,Debit,21.74
T101767,A5005,2025-02-09,Incoming,Debit,15.03
T101768,A5021,2025-09-30,Transfer,Credit,152.93
T101769,A5078,2025-04-11,Transfer,Debit,66.17
T101770,A5004,2025-12-25,Transfer,Credit,35.5
T101771,A5023,2025-11-04,Payment,Debit,151.31
T101772,A5084,2025-08-09,Transfer,Credit,195.75
T101773,A5015,2025-11-04,Incoming,Debit,54.23
T101774,A5093,2025-05-04,Incoming,Debit,70.18
T101775,A5008,2025-08-19,Payment,Debit,59.47
T101776,A5041,2025-06-27,Fee,Debit,90.58
T101777,A5019,2025-03-04,Transfer,Debit,284.22
T101778,A5046,2025-04-26,Payment,Debit,40.71
T101779,A5028,2025-07-10,Payment,Debit,68.8
T101780,A5091,2025-03-03,Fee,Debit,91.91
T101781,A5068,2025-09-13,Payment,Debit,147.22
T101782,A5015,2025-01-07,Loan Repayment,Credit,206.68
T101783,A5099,2025-06-04,Incoming,Debit,1721.08
T101784,A5037,2025-04-02,Incoming,Credit,294.87
T101785,A5001,2025-01-14,Payment,Debit,303.42
T101786,A5067,2025-08-17,Payment,Debit,107.78
T101787,A5024,2025-03-27,Loan Repayment,Debit,45.79
T101788,A5027,2025-05-13,Payment,Credit,78.74
T101789,A5040,2025-07-02,Transfer,Credit,63.28
T101790,A5063,2025-03-03,Payment,Debit,237.62
T101791,A5061,2025-08-07,Payment,Debit,20.46
T101792,A5036,2025-09-03,Payment,Credit,302.19
T101793,A5098,2025-08-18,Incoming,Credit,128.94
T101794,A5093,2025-03-20,Loan Repayment,Debit,357.82
T101795,A5024,2025-05-29,Payment,Debit,62.26
T101796,A5024,2025-05-18,Payment,Credit,50.32
T101797,A5004,2025-11-10,Payment,Credit,91.1
T101798,A5067,2025-03-06,Incoming,Credit,88.52
T101799,A5034,2025-01-13,Incoming,Debit,390.57
